ID,Language,Concept,Form,Cogid,CU
1,LS,WATER,wal,1,a
2,LH,WATER,was,1,a
3,Ca,WATER,li,2,b
4,Su,WATER,was,1,a
5,Ul,WATER,was,1,a
6,Mi,WATER,li,2,b
7,Pa,WATER,àsò,3,
8,Ra,WATER,si:,4,c
9,Gua,WATER,ti:,4,c
10,Bor,WATER,díʔ,4,c
11,Bri,WATER,dǐʔ,4,c
12,Cab,WATER,díkɺʊ́,4,c
13,Te,WATER,dí,4,c
14,Mo,WATER,ɲɤ,4,c
15,Boc,WATER,tʃi,4,c
16,Dor,WATER,yi,4,c
17,Cu,WATER,ti:,4,c
18,Co,WATER,ni,4,c
19,Ica,WATER,dʒe,4,c
20,Da,WATER,'dʒiɾa,4,c
21,Chi,WATER,ditake:,4,c
22,Mu,WATER,sie,4,c
23,Tun,WATER,'riʔa,4,c
24,Ba,WATER,sĩ: mã,4,c
25,LS,YELLOW,ku,5,
26,LH,YELLOW,suninga,6,
27,Ca,YELLOW,maju,7,
28,Su,YELLOW,lalahni,8,a
29,Ul,YELLOW,lalahka,8,a
30,Mi,YELLOW,lalalhni,8,a
31,Pa,YELLOW,sè: wa,9,
32,Ra,YELLOW,nuknukŋa,10,
33,Gua,YELLOW,ɬaxa:ɾa ɬutu iŋa,11,
34,Bor,YELLOW,ʃòsát,12,
35,Bri,YELLOW,tsikidǐdǐ,13,b
36,Cab,YELLOW,tsikidí,13,b
37,Te,YELLOW,ʃòinóɾ,14,
38,Mo,YELLOW,sɯbɾɯɾe,15,
39,Boc,YELLOW,moloi,16,
40,Dor,YELLOW,utká,17,
41,Cu,YELLOW,kollokwa,18,
42,Co,YELLOW,kaʃiku'ama,19,c
43,Ica,YELLOW,'tʃəmmi,20,ch
44,Da,YELLOW,kɨʃkwama,19,c
45,Chi,YELLOW,tʃoŋgɾagwattu,21,
46,Mu,YELLOW,tɨβan,20,ch
47,Tun,YELLOW,ta'w̃aja,20,ch
48,Ba,YELLOW,kanikã: siũkdu,22,
49,LS,FASTEN,waɾ,23,a
50,LH,FASTEN,kup,24,
51,Ca,FASTEN,wiri,23,a
52,Su,FASTEN,sit,25,b
53,Ul,FASTEN,sit,25,b
54,Mi,FASTEN,wilk,23,a
55,Pa,FASTEN,tìk,26,
56,Ra,FASTEN,aŋais,27,
57,Gua,FASTEN,kera:,28,c
58,Bor,FASTEN,íŋ,29,
59,Bri,FASTEN,bõ,30,ch
60,Cab,FASTEN,bõ,30,ch
61,Te,FASTEN,ɸɺík,31,
62,Mo,FASTEN,mɔgete,32,
63,Boc,FASTEN,kagã,33,
64,Dor,FASTEN,bui,30,ch
65,Cu,FASTEN,etinne,34,d
66,Co,FASTEN,akalihi,34,d
67,Ica,FASTEN,'aʔdʒ,35,
68,Da,FASTEN,ɾinʒii,34,d
69,Chi,FASTEN,sikke,25,b
70,Mu,FASTEN,kamɨ,36,
71,Tun,FASTEN,ke'ta,28,c
72,Ba,FASTEN,ju,37,
73,LS,TREE,suN,38,
74,LH,TREE,ili,39,
75,Ca,TREE,man,40,a
76,Su,TREE,pan,40,a
77,Ul,TREE,pan,40,a
78,Mi,TREE,dus,41,
79,Pa,TREE,pã̀jh,40,a
80,Ra,TREE,ka:t,42,b
81,Gua,TREE,ko:ɾa,42,b
82,Bor,TREE,kɾáŋ,42,b
83,Bri,TREE,káɺ,42,b
84,Cab,TREE,kaɺ,42,b
85,Te,TREE,kʰɔ́,42,b
86,Mo,TREE,kɾi,42,b
87,Boc,TREE,gli,42,b
88,Dor,TREE,kalkála,42,b
89,Cu,TREE,sappi,43,
90,Co,TREE,'kali,42,b
91,Ica,TREE,kən,42,b
92,Da,TREE,kɨn,42,b
93,Chi,TREE,ka:,42,b
94,Mu,TREE,kɨe,42,b
95,Tun,TREE,'kaɾukwa,42,b
96,Ba,TREE,kã:,42,b
97,LS,SAND,miʃea,44,
98,LH,SAND,toko,45,
99,Ca,SAND,kui,46,a
100,Su,SAND,kauhmak,46,a
101,Ul,SAND,ka:uhmak,46,a
102,Mi,SAND,ahuja,47,
103,Pa,SAND,úʔù,48,b
104,Ra,SAND,unta:s,48,b
105,Gua,SAND,uɬi:xa,48,b
106,Bor,SAND,ùb,48,b
107,Bri,SAND,stsã̌ʔ,49,c
108,Cab,SAND,tsã́,49,c
109,Te,SAND,ɺa,50,
110,Mo,SAND,ɯma,48,b
111,Boc,SAND,uba,48,b
112,Dor,SAND,hálgu,51,
113,Cu,SAND,ukkuppa,48,b
114,Co,SAND,'ui,48,b
115,Ica,SAND,'uzu,48,b
116,Da,SAND,unʒu,48,b
117,Chi,SAND,saʔssaɾi,49,c
118,Mu,SAND,ɣuantsa,48,b
119,Tun,SAND,'umita,48,b
120,Ba,SAND,ũda,48,b
121,LS,BIRD,ts'imts'im,52,a
122,LH,BIRD,siɾa,52,a
123,Ca,BIRD,wasiri,53,
124,Su,BIRD,uhbin,54,
125,Ul,BIRD,di: baka,55,
126,Mi,BIRD,pjãwiɾa,56,
127,Pa,BIRD,kwàs,57,
128,Ra,BIRD,sinsak,52,a
129,Gua,BIRD,ŋiskaka:,58,
130,Bor,BIRD,dù,59,b
131,Bri,BIRD,dú,59,b
132,Cab,BIRD,dù,59,b
133,Te,BIRD,sínũã̀,60,
134,Mo,BIRD,nukwɔ,59,b
135,Boc,BIRD,bdada,61,
136,Dor,BIRD,dul,59,b
137,Cu,BIRD,sikkwi,62,
138,Co,BIRD,nu'ba,59,b
139,Ica,BIRD,si'sio,52,a
140,Da,BIRD,suɾi,63,c
141,Chi,BIRD,ki:tikkwi,64,
142,Mu,BIRD,sue,59,b
143,Tun,BIRD,ɾu'wasiɾa,59,b
144,Ba,BIRD,daníkbi,65,
145,LS,DANCE,uli,66,a
146,LH,DANCE,ul,66,a
147,Ca,DANCE,jaukan,67,
148,Su,DANCE,ubu,68,
149,Ul,DANCE,aba:,69,
150,Mi,DANCE,dans pul,70,
151,Pa,DANCE,wiʔ,71,b
152,Ra,DANCE,katapaik,72,
153,Gua,DANCE,ɬi:la,73,
154,Bor,DANCE,kuìk,71,b
155,Bri,DANCE,kaɺʊ́tɪ,74,c
156,Cab,DANCE,kaɺʊ́tɪ,74,c
157,Te,DANCE,tʰàŋnióŋ,75,
158,Mo,DANCE,bradʒe,76,
159,Boc,DANCE,gwie,71,b
160,Dor,DANCE,kúyi,71,b
161,Cu,DANCE,kuile,71,b
162,Co,DANCE,kuiz,71,b
163,Ica,DANCE,kué,71,b
164,Da,DANCE,ku'i,71,b
165,Chi,DANCE,kuiahné,71,b
166,Mu,DANCE,tsahana,77,
167,Tun,DANCE,ki'ni,78,
168,Ba,DANCE,asi,79,
169,LS,DRINK,tali,80,a
170,LH,DRINK,tal,80,a
171,Ca,DRINK,dipa,81,b
172,Su,DRINK,di,81,b
173,Ul,DRINK,di,81,b
174,Mi,DRINK,di,81,b
175,Pa,DRINK,tòk,82,
176,Ra,DRINK,ŋw,83,
177,Gua,DRINK,tʃa:,84,c
178,Bor,DRINK,dʒáŋ,84,c
179,Bri,DRINK,dʒa,84,c
180,Cab,DRINK,dʒɪ,84,c
181,Te,DRINK,iɪ́,84,c
182,Mo,DRINK,ɲã,84,c
183,Boc,DRINK,hai,85,
184,Dor,DRINK,bot,86,
185,Cu,DRINK,kope,87,
186,Co,DRINK,'tuʃi,88,
187,Ica,DRINK,aʔg,89,ch
188,Da,DRINK,anga,89,ch
189,Chi,DRINK,uk,90,
190,Mu,DRINK,iohotɨ,91,
191,Tun,DRINK,'jaʔa,84,c
192,Ba,DRINK,a:ksa,92,
193,LS,WHITE,ʃoko,93,a
194,LH,WHITE,soko,93,a
195,Ca,WHITE,sahu,94,
196,Su,WHITE,pihni,95,b
197,Ul,WHITE,pihka,95,b
198,Mi,WHITE,pihni,95,b
199,Pa,WHITE,kàbísás,96,
200,Ra,WHITE,plu:ma,97,ch
201,Gua,WHITE,ʝaki: pala: iŋa:,98,
202,Bor,WHITE,suát,99,
203,Bri,WHITE,sadǔdǔ,97,ch
204,Cab,WHITE,sadúù,97,ch
205,Te,WHITE,ɸɺùɾún,100,c
206,Mo,WHITE,ŋweɲe,101,
207,Boc,WHITE,hutɾe,102,
208,Dor,WHITE,bokkála,103,
209,Cu,WHITE,sippu,104,
210,Co,WHITE,a'butʃi,105,
211,Ica,WHITE,'bunsi kawa,100,c
212,Da,WHITE,ambɨnʃi,100,c
213,Chi,WHITE,so:motu:,106,
214,Mu,WHITE,pkɨhɨsio,107,
215,Tun,WHITE,kwa'sajɾo,108,
216,Ba,WHITE,batti,109,
217,LS,MOUTH,ints'ats'a,110,a
218,LH,MOUTH,in,110,a
219,Ca,MOUTH,tawa,111,b
220,Su,MOUTH,tapas,111,b
221,Ul,MOUTH,tapas,111,b
222,Mi,MOUTH,bila,112,
223,Pa,MOUTH,sà:pà,111,b
224,Ra,MOUTH,kaka:,113,c
225,Gua,MOUTH,koki:,113,c
226,Bor,MOUTH,kásà,113,c
227,Bri,MOUTH,axkʊ́,113,c
228,Cab,MOUTH,hkʊ́,113,c
229,Te,MOUTH,kʰámo,113,c
230,Mo,MOUTH,kada,113,c
231,Boc,MOUTH,ka,113,c
232,Dor,MOUTH,kaga,113,c
233,Cu,MOUTH,kakka,113,c
234,Co,MOUTH,'kaka,113,c
235,Ica,MOUTH,kəkka,113,c
236,Da,MOUTH,kə'ka,113,c
237,Chi,MOUTH,kakkwa,113,c
238,Mu,MOUTH,kɨhɨka,113,c
239,Tun,MOUTH,'kahka,113,c
240,Ba,MOUTH,kaksiu:,113,c
241,LS,FOREST,kotaN,114,a
242,LH,FOREST,kotan,114,a
243,Ca,FOREST,jura,115,
244,Su,FOREST,asaŋpas,116,b
245,Ul,FOREST,asaŋpas,116,b
246,Mi,FOREST,unta,117,
247,Pa,FOREST,wàhà,118,
248,Ra,FOREST,sulaik,119,
249,Gua,FOREST,tuɾu:,120,
250,Bor,FOREST,dʒàbáʔtʃìk,121,
251,Bri,FOREST,káɺdʒʊ̀k,122,c
252,Cab,FOREST,kàɺdʒakà,122,c
253,Te,FOREST,ɸʊ́,123,ch
254,Mo,FOREST,kɔtuguɔ,124,
255,Boc,FOREST,glínaŋa,125,
256,Dor,FOREST,kalkalgó,126,d
257,Cu,FOREST,sappuɾu,127,
258,Co,FOREST,kal'kala,126,d
259,Ica,FOREST,'kənkəni,126,d
260,Da,FOREST,kɨnkɨna,126,d
261,Chi,FOREST,ɾuhŋa,128,
262,Mu,FOREST,kɨe,129,
263,Tun,FOREST,'bowaɾa,123,ch
264,Ba,FOREST,kaikbé,130,
265,LS,GOOD,ʃam,131,a
266,LH,GOOD,sa,131,a
267,Ca,GOOD,kua,132,
268,Su,GOOD,jamni,131,a
269,Ul,GOOD,jamka,131,a
270,Mi,GOOD,jamni,131,a
271,Pa,GOOD,ã́jjã̀,133,b
272,Ra,GOOD,mali:ma,134,
273,Gua,GOOD,maɾa:la:ɸaɾiŋa:,135,
274,Bor,GOOD,mòɾéŋ,136,
275,Bri,GOOD,buǎʔ,137,
276,Cab,GOOD,bʊ́ɪ,138,
277,Te,GOOD,kʰóbe,139,
278,Mo,GOOD,kɔ̃ɪ̃,140,
279,Boc,GOOD,no,141,c
280,Dor,GOOD,apé,142,
281,Cu,GOOD,nueti,141,c
282,Co,GOOD,hantʃi'dʒe,143,
283,Ica,GOOD,du kawa,144,
284,Da,GOOD,ʒi'koka,145,
285,Chi,GOOD,be: ŋatte,146,
286,Mu,GOOD,tʲo,147,
287,Tun,GOOD,'aj,133,b
288,Ba,GOOD,sabãĩnĩ,148,
289,LS,HAIR,alah,149,a
290,LH,HAIR,asa,149,a
291,Ca,HAIR,kili,150,
292,Su,HAIR,bas,151,b
293,Ul,HAIR,bas,151,b
294,Mi,HAIR,tãwa,152,
295,Pa,HAIR,ṹs,153,
296,Ra,HAIR,uli:s,154,
297,Gua,HAIR,i:ɬa,155,
298,Bor,HAIR,ʃíxtkà,156,
299,Bri,HAIR,tsã́,157,c
300,Cab,HAIR,tsã́kṹ kʊ,158,
301,Te,HAIR,kóŋzò,157,c
302,Mo,HAIR,dokwɔdɾɯ,159,
303,Boc,HAIR,tʃugaga,160,
304,Dor,HAIR,ogá,161,
305,Cu,HAIR,saila,157,c
306,Co,HAIR,'sãĩ,157,c
307,Ica,HAIR,'sagənɨ,157,c
308,Da,HAIR,ʃa,157,c
309,Chi,HAIR,'a,162,
310,Mu,HAIR,tsɨe,157,c
311,Tun,HAIR,ana'ɾa,163,
312,Ba,HAIR,kã:tũ,164,
313,LS,HEAD,oso,165,
314,LH,HEAD,tɾoh,166,a
315,Ca,HEAD,wara,167,
316,Su,HEAD,tun,166,a
317,Ul,HEAD,tun,166,a
318,Mi,HEAD,lal,168,
319,Pa,HEAD,sã́,169,b
320,Ra,HEAD,ki:ŋ,170,
321,Gua,HEAD,tʃa:,169,b
322,Bor,HEAD,sàgɾá,169,b
323,Bri,HEAD,uʊ̂kìd,171,
324,Cab,HEAD,tsã́kṹ,169,b
325,Te,HEAD,kógo,172,
326,Mo,HEAD,dokwɔ,173,c
327,Boc,HEAD,tʃuga,173,c
328,Dor,HEAD,dukú,173,c
329,Cu,HEAD,nono,174,
330,Co,HEAD,'sankala,169,b
331,Ica,HEAD,sa'kuku,169,b
332,Da,HEAD,ʃa'munku,169,b
333,Chi,HEAD,ha:kɾa,175,
334,Mu,HEAD,tsɨskɨ,169,b
335,Tun,HEAD,'kwisa,176,
336,Ba,HEAD,sa:,169,b
337,LS,TUMBLE (FALL DOWN),pit,177,
338,LH,TUMBLE (FALL DOWN),kaɾau,178,
339,Ca,TUMBLE (FALL DOWN),winwa'jam,179,
340,Su,TUMBLE (FALL DOWN),buk,180,
341,Ul,TUMBLE (FALL DOWN),wauhda,181,
342,Mi,TUMBLE (FALL DOWN),kahw,182,
343,Pa,TUMBLE (FALL DOWN),ã̀h,183,a
344,Ra,TUMBLE (FALL DOWN),kaiɾk,184,
345,Gua,TUMBLE (FALL DOWN),mini:,185,
346,Bor,TUMBLE (FALL DOWN),trùʔ,186,
347,Bri,TUMBLE (FALL DOWN),ã́d,183,a
348,Cab,TUMBLE (FALL DOWN),hã́d,183,a
349,Te,TUMBLE (FALL DOWN),bɪgɪ́,187,
350,Mo,TUMBLE (FALL DOWN),nɤtɤ,188,
351,Boc,TUMBLE (FALL DOWN),hãɪ̃́,189,
352,Dor,TUMBLE (FALL DOWN),dudiglá,190,
353,Cu,TUMBLE (FALL DOWN),aɾkwanne,191,
354,Co,TUMBLE (FALL DOWN),'pen,192,
355,Ica,TUMBLE (FALL DOWN),'waʔn,193,
356,Da,TUMBLE (FALL DOWN),ʃeʒ,194,
357,Chi,TUMBLE (FALL DOWN),'kutti,195,
358,Mu,TUMBLE (FALL DOWN),ma,196,
359,Tun,TUMBLE (FALL DOWN),tih'kan,197,
360,Ba,TUMBLE (FALL DOWN),sinakai,198,
361,LS,HOT OR WARM,aʃa,199,a
362,LH,HOT OR WARM,siwa,200,
363,Ca,HOT OR WARM,dindinka,201,
364,Su,HOT OR WARM,dajni,202,b
365,Ul,HOT OR WARM,dajhka,202,b
366,Mi,HOT OR WARM,lapta,203,
367,Pa,HOT OR WARM,patàʔok,204,
368,Ra,HOT OR WARM,tuku:ba,205,c
369,Gua,HOT OR WARM,toke:ʝa,205,c
370,Bor,HOT OR WARM,dʒìká,206,ch
371,Bri,HOT OR WARM,bâbbǎ,207,
372,Cab,HOT OR WARM,buɪ́,208,
373,Te,HOT OR WARM,kʰɺík,209,
374,Mo,HOT OR WARM,ŋiɾe,206,ch
375,Boc,HOT OR WARM,hute,210,
376,Dor,HOT OR WARM,ubi,211,
377,Cu,HOT OR WARM,ueti,212,d
378,Co,HOT OR WARM,'uanuakse,213,
379,Ica,HOT OR WARM,'wiwi kawa,214,
380,Da,HOT OR WARM,wianʒɨnga,212,d
381,Chi,HOT OR WARM,we:,212,d
382,Mu,HOT OR WARM,tʲiptupkwa,215,
383,Tun,HOT OR WARM,kih'kitɾo,216,
384,Ba,HOT OR WARM,asã́a,199,a
385,LS,WALK,o,217,a
386,LH,WALK,u,217,a
387,Ca,WALK,diu,218,b
388,Su,WALK,lapak,219,
389,Ul,WALK,wa:tda,220,c
390,Mi,WALK,wap,220,c
391,Pa,WALK,téʃ,218,b
392,Ra,WALK,ta:k,221,ch
393,Gua,WALK,ɸa:ki,222,
394,Bor,WALK,dèk,218,b
395,Bri,WALK,ʃka,223,d
396,Cab,WALK,ʃkɪ,223,d
397,Te,WALK,hɪ́k,224,
398,Mo,WALK,nɔ̃,221,ch
399,Boc,WALK,tʃage,221,ch
400,Dor,WALK,duɾi'ɾi:,225,
401,Cu,WALK,nanae,221,ch
402,Co,WALK,'nai,218,b
403,Ica,WALK,'naʒ,218,b
404,Da,WALK,naj,218,b
405,Chi,WALK,dʒuʔu,226,
406,Mu,WALK,nɨn,221,ch
407,Tun,WALK,'benɾo,227,
408,Ba,WALK,ta:kta:k,228,
409,LS,PATH,k'in,229,a
410,LH,PATH,kin,229,a
411,Ca,PATH,lap,230,
412,Su,PATH,ta:,231,b
413,Ul,PATH,ta:,231,b
414,Mi,PATH,jabal,232,
415,Pa,PATH,ta:h,231,b
416,Ra,PATH,ŋunŋun,233,
417,Gua,PATH,ʝu:,234,
418,Bor,PATH,néŋ,235,
419,Bri,PATH,dʒaɺã́,236,c
420,Cab,PATH,dʒaɺã̀,236,c
421,Te,PATH,i᷅ɾbóbòŋ,237,ch
422,Mo,PATH,hi,237,ch
423,Boc,PATH,ho,238,
424,Dor,PATH,ʃi'ta,239,
425,Cu,PATH,ikala,237,ch
426,Co,PATH,'hiũgula,237,ch
427,Ica,PATH,'ingwənɨ,237,ch
428,Da,PATH,inguna,237,ch
429,Chi,PATH,hi:,237,ch
430,Mu,PATH,ie,237,ch
431,Tun,PATH,'ibita,237,ch
432,Ba,PATH,sikɨ,240,
433,LS,SING,ihwa,241,a
434,LH,SING,ikwa,241,a
435,Ca,SING,bu,242,
436,Su,SING,umbau,243,b
437,Ul,SING,unbau,243,b
438,Mi,SING,ajwan,244,
439,Pa,SING,èjèʃ,245,
440,Ra,SING,a:kis,246,
441,Gua,SING,poɾe:te,247,
442,Bor,SING,tàbádʒèŋ,248,
443,Bri,SING,stsɪ,249,c
444,Cab,SING,ksɪ,249,c
445,Te,SING,tɪ́,249,c
446,Mo,SING,ka,250,d
447,Boc,SING,mo gate,251,
448,Dor,SING,kayi,250,d
449,Cu,SING,namakke,252,ch
450,Co,SING,'mai,253,e
451,Ica,SING,za'maʒ,253,e
452,Da,SING,ʒamai,253,e
453,Chi,SING,kitta,254,
454,Mu,SING,tɨ,252,ch
455,Tun,SING,'ta,252,ch
456,Ba,SING,tiba:,255,
457,LS,MEAT,waʃa,256,a
458,LH,MEAT,rak,257,
459,Ca,MEAT,nakat,258,
460,Su,MEAT,di muihni,259,
461,Ul,MEAT,di muihka,260,
462,Mi,MEAT,wina,256,a
463,Pa,MEAT,jùku,261,
464,Ra,MEAT,kas,262,
465,Gua,MEAT,ɬiki:,263,c
466,Bor,MEAT,ùɾáŋ,264,ch
467,Bri,MEAT,tʃká,265,d
468,Cab,MEAT,dʒaka,265,d
469,Te,MEAT,ʃò,266,e
470,Mo,MEAT,ŋɔtɔ,267,f
471,Boc,MEAT,udá,264,ch
472,Dor,MEAT,síá,266,e
473,Cu,MEAT,sana,267,f
474,Co,MEAT,'gata,267,f
475,Ica,MEAT,'gətʃɨ,267,f
476,Da,MEAT,gɨ'ta,267,f
477,Chi,MEAT,eŋŋatta,267,f
478,Mu,MEAT,tʲihika,263,c
479,Tun,MEAT,'ɾuwa,268,
480,Ba,MEAT,aidi.,269,
481,LS,ASH,pilil,270,a
482,LH,ASH,pokko,271,
483,Ca,ASH,wabu,272,b
484,Su,ASH,wan,272,b
485,Ul,ASH,kauh,273,
486,Mi,ASH,jamhpus,274,
487,Pa,ASH,tokó,275,
488,Ra,ASH,pluŋ,270,a
489,Gua,ASH,puɾu:,270,a
490,Bor,ASH,bɾùŋ,270,a
491,Bri,ASH,buɺṹ,270,a
492,Cab,ASH,buɺi᷅tú,270,a
493,Te,ASH,ɸɺúŋ,270,a
494,Mo,ASH,ŋɯbɾɯ,270,a
495,Boc,ASH,mnu,270,a
496,Dor,ASH,bulku,270,a
497,Cu,ASH,puɾu,270,a
498,Co,ASH,'muli,270,a
499,Ica,ASH,'bunzəga,270,a
500,Da,ASH,bɨn,270,a
501,Chi,ASH,'buhŋaʔ,270,a
502,Mu,ASH,βuskɨ,270,a
503,Tun,ASH,'buɾa,270,a
504,Ba,ASH,ibũdɪ̃,270,a
505,LS,FIVE,ts'aj,276,a
506,LH,FIVE,saj,276,a
507,Ca,FIVE,dukan panaka,277,
508,Su,FIVE,sinka,278,b
509,Ul,FIVE,sinka,278,b
510,Mi,FIVE,matsip,279,
511,Pa,FIVE,ṍki,280,
512,Ra,FIVE,kwikistaɾ,281,
513,Gua,FIVE,otiŋ,282,c
514,Bor,FIVE,ʃìskáŋ,283,ch
515,Bri,FIVE,skẽ,283,ch
516,Cab,FIVE,skẽ,283,ch
517,Te,FIVE,ʃkíŋ,283,ch
518,Mo,FIVE,ɾike,283,ch
519,Boc,FIVE,tiga,283,ch
520,Dor,FIVE,male,284,
521,Cu,FIVE,attale,285,
522,Co,FIVE,ha'tʃigua,282,c
523,Ica,FIVE,a'sewa,282,c
524,Da,FIVE,əhtʃigua,282,c
525,Chi,FIVE,dʒe:mekenta,286,
526,Mu,FIVE,hɨtska,282,c
527,Tun,FIVE,e'sia,282,c
528,Ba,FIVE,koba,287,
529,LS,TAIL,ts'oh,288,
530,LH,TAIL,wan,289,a
531,Ca,TAIL,kuna,290,
532,Su,TAIL,mamah,291,
533,Ul,TAIL,umah,292,
534,Mi,TAIL,wajka,289,a
535,Pa,TAIL,pàɾ,293,b
536,Ra,TAIL,tuk,294,c
537,Gua,TAIL,tuki:,294,c
538,Bor,TAIL,kuàntsá,295,
539,Bri,TAIL,baɺḗk,293,b
540,Cab,TAIL,baɺḗk,293,b
541,Te,TAIL,ɸɺàk,293,b
542,Mo,TAIL,kɯbaɾa,293,b
543,Boc,TAIL,skugda,296,
544,Dor,TAIL,dug,294,c
545,Cu,TAIL,punnu,297,ch
546,Co,TAIL,'nugi,294,c
547,Ica,TAIL,'dʒoʔo,294,c
548,Da,TAIL,duʃkɨna,294,c
549,Chi,TAIL,bukɾa,297,ch
550,Mu,TAIL,suhuka,294,c
551,Tun,TAIL,ɾusta'ɾa,294,c
552,Ba,TAIL,anikku,298,
553,LS,EAT,rom,299,
554,LH,EAT,koɾ,300,a
555,Ca,EAT,duri,301,
556,Su,EAT,kas,300,a
557,Ul,EAT,kas,300,a
558,Mi,EAT,pi,302,
559,Pa,EAT,ã̀ʔ,303,
560,Ra,EAT,altuŋwa,304,b
561,Gua,EAT,laki:,305,
562,Bor,EAT,túʔ,304,b
563,Bri,EAT,tʃka,306,c
564,Cab,EAT,dʒakɪ,306,c
565,Te,EAT,ií,307,
566,Mo,EAT,mɾɣɾe,308,ch
567,Boc,EAT,bliɾe,308,ch
568,Dor,EAT,kut,309,d
569,Cu,EAT,kunne,309,d
570,Co,EAT,'za,310,e
571,Ica,EAT,'z,310,e
572,Da,EAT,ʒa,310,e
573,Chi,EAT,'kenne,311,
574,Mu,EAT,so,312,
575,Tun,EAT,ja'jin,313,
576,Ba,EAT,dà,314,
577,LS,WITH,teN,315,a
578,LH,WITH,man,316,b
579,Ca,WITH,tiwa,315,a
580,Su,WITH,karak,317,c
581,Ul,WITH,karak,317,c
582,Mi,WITH,wal,318,
583,Pa,WITH,jó,319,ch
584,Ra,WITH,u,319,ch
585,Gua,WITH,ʝu,319,ch
586,Bor,WITH,màŋ,316,b
587,Bri,WITH,tã̀,320,d
588,Cab,WITH,dà,321,e
589,Te,WITH,tʰó,320,d
590,Mo,WITH,be,316,b
591,Boc,WITH,ole,322,
592,Dor,WITH,ba,316,b
593,Cu,WITH,pa,316,b
594,Co,WITH,na,321,e
595,Ica,WITH,sin,323,
596,Da,WITH,nɨn,321,e
597,Chi,WITH,ah,324,f
598,Mu,WITH,βohotsa,325,
599,Tun,WITH,ʃor,326,
600,Ba,WITH,ãhã,324,f
601,LS,CUT,t'ih,327,a
602,LH,CUT,taj,327,a
603,Ca,CUT,kat,328,
604,Su,CUT,dak,327,a
605,Ul,CUT,dak,327,a
606,Mi,CUT,klak,329,
607,Pa,CUT,tàs,330,b
608,Ra,CUT,a: ŋtk,331,c
609,Gua,CUT,ɬati:,332,
610,Bor,CUT,tàs,330,b
611,Bri,CUT,tɪ,333,ch
612,Cab,CUT,tɪ,333,ch
613,Te,CUT,zí,334,
614,Mo,CUT,tikekɔ,333,ch
615,Boc,CUT,date,335,
616,Dor,CUT,togli,336,
617,Cu,CUT,sikke,337,
618,Co,CUT,'men,338,
619,Ica,CUT,ɾeʔ'beis,339,
620,Da,CUT,koʃ,340,
621,Chi,CUT,'ukkwa,341,
622,Mu,CUT,kɨhɨtɨ,342,
623,Tun,CUT,kwi'ki,343,
624,Ba,CUT,a:kd,331,c
625,LS,BARK,ts'ats'a,344,
626,LH,BARK,jos,345,
627,Ca,BARK,kuta,346,a
628,Su,BARK,utak,346,a
629,Ul,BARK,utak,346,a
630,Mi,BARK,taja,347,
631,Pa,BARK,kã́wã̀,348,
632,Ra,BARK,u:k,349,b
633,Gua,BARK,leki:,350,
634,Bor,BARK,kuáʔs,349,b
635,Bri,BARK,axkuʊ́,349,b
636,Cab,BARK,hkuʊ́,349,b
637,Te,BARK,kuótà,349,b
638,Mo,BARK,kwata,349,b
639,Boc,BARK,kwaɾa,349,b
640,Dor,BARK,ugá,349,b
641,Cu,BARK,ukka,349,b
642,Co,BARK,huba,351,c
643,Ica,BARK,'zomɨ,352,ch
644,Da,BARK,ʒoma,352,ch
645,Chi,BARK,ma:nta,353,
646,Mu,BARK,huka,349,b
647,Tun,BARK,u'ma,351,c
648,Ba,BARK,aɨksu,354,
649,LS,FOUR,sa,355,
650,LH,FOUR,aɾia,356,a
651,Ca,FOUR,butaru,357,
652,Su,FOUR,arunka,356,a
653,Ul,FOUR,arunka,356,a
654,Mi,FOUR,walhwal,358,
655,Pa,FOUR,kàh,359,
656,Ra,FOUR,kunkunbi,360,
657,Gua,FOUR,pake:kiri:,361,b
658,Bor,FOUR,báxkàŋ,361,b
659,Bri,FOUR,tkɪ,361,b
660,Cab,FOUR,tki,361,b
661,Te,FOUR,bkíŋ,361,b
662,Mo,FOUR,bɔkɔ,361,b
663,Boc,FOUR,baga,361,b
664,Dor,FOUR,paka,361,b
665,Cu,FOUR,pakke,361,b
666,Co,FOUR,ma'keua,361,b
667,Ica,FOUR,maʔ'keiwa,361,b
668,Da,FOUR,makegwa,361,b
669,Chi,FOUR,bridʒeʔe,362,
670,Mu,FOUR,mɨhɨka,361,b
671,Tun,FOUR,ba'kaja,361,b
672,Ba,FOUR,asanikdãɪ̃,363,
673,LS,NECK,t'aNt'aN,364,
674,LH,NECK,sala,365,
675,Ca,NECK,tsaw,366,
676,Su,NECK,dimak,367,
677,Ul,NECK,ma:mak,368,
678,Mi,NECK,nana,369,a
679,Pa,NECK,táwásã́,370,
680,Ra,NECK,ki:ŋkat,371,
681,Gua,NECK,ko:lo,372,b
682,Bor,NECK,ìŋsá,373,
683,Bri,NECK,kuɺǐʔ,374,c
684,Cab,NECK,kulí,374,c
685,Te,NECK,bɪ̀ŋdó,375,
686,Mo,NECK,ɾɔɾɔ,369,a
687,Boc,NECK,siɾoska,376,
688,Dor,NECK,polé,377,ch
689,Cu,NECK,tukkarwala,378,
690,Co,NECK,'gagla,372,b
691,Ica,NECK,'gaʔnɨ,372,b
692,Da,NECK,'gana,372,b
693,Chi,NECK,'ɾuggwaʔ,379,
694,Mu,NECK,gɨ,372,b
695,Tun,NECK,'jaʔnkukaɾa,380,
696,Ba,NECK,bo:,377,ch
697,LS,GIVE,mik,381,a
698,LH,GIVE,jaɾ,382,
699,Ca,GIVE,a,383,b
700,Su,GIVE,a:,383,b
701,Ul,GIVE,a:,383,b
702,Mi,GIVE,k,384,
703,Pa,GIVE,ã̀h,383,b
704,Ra,GIVE,taŋ,385,c
705,Gua,GIVE,ta:,385,c
706,Bor,GIVE,dóʔ,386,ch
707,Bri,GIVE,abẽ,387,d
708,Cab,GIVE,bẽ,387,d
709,Te,GIVE,sɪ́ŋ,388,
710,Mo,GIVE,bĩ,387,d
711,Boc,GIVE,kete,389,
712,Dor,GIVE,do,386,ch
713,Cu,GIVE,ukke,390,
714,Co,GIVE,a'kau,391,e
715,Ica,GIVE,aʔ'wes,392,
716,Da,GIVE,akau,391,e
717,Chi,GIVE,seʔdʒdʒaʔ,393,
718,Mu,GIVE,nɨ,385,c
719,Tun,GIVE,'wik,381,a
720,Ba,GIVE,ina,385,c
721,LS,SAY,aj,394,a
722,LH,SAY,aj,394,a
723,Ca,SAY,na,395,
724,Su,SAY,at,396,b
725,Ul,SAY,at,396,b
726,Mi,SAY,wi,397,
727,Pa,SAY,tìʔ,398,
728,Ra,SAY,auŋ,399,
729,Gua,SAY,ki:,400,c
730,Bor,SAY,dʒuàk,401,ch
731,Bri,SAY,dʒɪ,400,c
732,Cab,SAY,dʒɪ,400,c
733,Te,SAY,ɺí,402,
734,Mo,SAY,ŋeɾe,403,
735,Boc,SAY,dgwenedu,404,
736,Dor,SAY,,405,
737,Cu,SAY,soke,401,ch
738,Co,SAY,'guaʃ,401,ch
739,Ica,SAY,gwak,401,ch
740,Da,SAY,gwaʃ,401,ch
741,Chi,SAY,dʒakk,406,
742,Mu,SAY,gu,401,ch
743,Tun,SAY,wa'ki,401,ch
744,Ba,SAY,ib,407,
745,LS,TOOTH,neh,408,a
746,LH,TOOTH,nek,408,a
747,Ca,TOOTH,nini,408,a
748,Su,TOOTH,ana,409,b
749,Ul,TOOTH,ana,409,b
750,Mi,TOOTH,napa,409,b
751,Pa,TOOTH,kĩ́ʔ,410,
752,Ra,TOOTH,si:k,408,a
753,Gua,TOOTH,oka:,411,c
754,Bor,TOOTH,síʔ,412,
755,Bri,TOOTH,aká,411,c
756,Cab,TOOTH,kà,411,c
757,Te,TOOTH,kòuó,411,c
758,Mo,TOOTH,tu,413,ch
759,Boc,TOOTH,dau,414,
760,Dor,TOOTH,su,413,ch
761,Cu,TOOTH,nukala,413,ch
762,Co,TOOTH,hu'ala,415,
763,Ica,TOOTH,'kəkkɨ,416,d
764,Da,TOOTH,kɨ'kka,416,d
765,Chi,TOOTH,di:,408,a
766,Mu,TOOTH,sika,408,a
767,Tun,TOOTH,'ɾuʔɾa,417,e
768,Ba,TOOTH,nunu:,417,e
769,LS,SLEEP,pa,418,
770,LH,SLEEP,saɾ,419,a
771,Ca,SLEEP,jabuna,420,b
772,Su,SLEEP,kami,421,c
773,Ul,SLEEP,ama,421,c
774,Mi,SLEEP,jap,420,b
775,Pa,SLEEP,ók,422,
776,Ra,SLEEP,kami,421,c
777,Gua,SLEEP,tʃu:xi,423,
778,Bor,SLEEP,kàb,421,c
779,Bri,SLEEP,kapɪ,421,c
780,Cab,SLEEP,kapɪ,421,c
781,Te,SLEEP,pɪ́,421,c
782,Mo,SLEEP,kimɪ̃,421,c
783,Boc,SLEEP,gbe,421,c
784,Dor,SLEEP,kabi,421,c
785,Cu,SLEEP,kape,421,c
786,Co,SLEEP,ka'ba,421,c
787,Ica,SLEEP,'kəmm,421,c
788,Da,SLEEP,kɨũ,421,c
789,Chi,SLEEP,sa:ɾa,419,a
790,Mu,SLEEP,kɨβɨ,421,c
791,Tun,SLEEP,'kami,421,c
792,Ba,SLEEP,kab,421,c
793,LS,TWO,pe,424,a
794,LH,TWO,pe,424,a
795,Ca,TWO,buru,424,a
796,Su,TWO,bu,424,a
797,Ul,TWO,bu,424,a
798,Mi,TWO,wal,425,
799,Pa,TWO,pók,424,a
800,Ra,TWO,puksak,424,a
801,Gua,TWO,pauŋka,424,a
802,Bor,TWO,búʔk,424,a
803,Bri,TWO,bʊ,424,a
804,Cab,TWO,bo,424,a
805,Te,TWO,bʊ́,424,a
806,Mo,TWO,bu,424,a
807,Boc,TWO,boke,424,a
808,Dor,TWO,mo,424,a
809,Cu,TWO,po:,424,a
810,Co,TWO,'mauʒua,424,a
811,Ica,TWO,'mouga,424,a
812,Da,TWO,mowa,424,a
813,Chi,TWO,buhna,424,a
814,Mu,TWO,bo,424,a
815,Tun,TWO,bu'kaja,424,a
816,Ba,TWO,ĩsãmĩ,426,
817,LS,HE,inani,427,a
818,LH,HE,inan,427,a
819,Ca,HE,'karahi,428,b
820,Su,HE,witiŋ,429,c
821,Ul,HE,alas,428,b
822,Mi,HE,witin,429,c
823,Pa,HE,èkà,430,ch
824,Ra,HE,jaiŋ,427,a
825,Gua,HE,ni:,431,d
826,Bor,HE,ì,427,a
827,Bri,HE,iěʔ,427,a
828,Cab,HE,hié,427,a
829,Te,HE,è,430,ch
830,Mo,HE,niaɾa,431,d
831,Boc,HE,ama,432,e
832,Dor,HE,kúi,433,
833,Cu,HE,itti,427,a
834,Co,HE,'ale,432,e
835,Ica,HE,a,432,e
836,Da,HE,na,434,
837,Chi,HE,noggwe,435,
838,Mu,HE,asɨ,430,ch
839,Tun,HE,'eja,430,ch
840,Ba,HE,obãĩ́,436,
841,LS,AT,k'ati,437,a
842,LH,AT,ap,438,b
843,Ca,AT,m,438,b
844,Su,AT,kat,437,a
845,Ul,AT,kat,437,a
846,Mi,AT,ɾa,439,c
847,Pa,AT,jã́,440,ch
848,Ra,AT,ka,437,a
849,Gua,AT,ko,437,a
850,Bor,AT,kà,437,a
851,Bri,AT,iã̀,440,ch
852,Cab,AT,skà,441,d
853,Te,AT,ʃkò,441,d
854,Mo,AT,te,442,
855,Boc,AT,ske,441,d
856,Dor,AT,ga,437,a
857,Cu,AT,ki,443,e
858,Co,AT,ka,437,a
859,Ica,AT,ekɨ,437,a
860,Da,AT,ka,437,a
861,Chi,AT,la,439,c
862,Mu,AT,na,443,e
863,Tun,AT,kwi'taɾa,444,
864,Ba,AT,aki,443,e
865,LS,THIS,inaga,445,a
866,LH,THIS,na,446,b
867,Ca,THIS,irahi,445,a
868,Su,THIS,a:dika,447,c
869,Ul,THIS,a:ka,447,c
870,Mi,THIS,nãhã,446,b
871,Pa,THIS,ĩ́,445,a
872,Ra,THIS,niŋ,448,ch
873,Gua,THIS,ni:,448,ch
874,Bor,THIS,uéʔ,449,d
875,Bri,THIS,ɪ̌ʔ,445,a
876,Cab,THIS,hí,445,a
877,Te,THIS,hũ,450,e
878,Mo,THIS,ne,446,b
879,Boc,THIS,ai,451,
880,Dor,THIS,,452,
881,Cu,THIS,we,449,d
882,Co,THIS,'hale,453,
883,Ica,THIS,'ema,445,a
884,Da,THIS,ima,445,a
885,Chi,THIS,naʔna,446,b
886,Mu,THIS,sisɨ,448,ch
887,Tun,THIS,'uʃa,450,e
888,Ba,THIS,inabãi,445,a
889,LS,FLOWER,ʃila,454,a
890,LH,FLOWER,suna,454,a
891,Ca,FLOWER,bas,455,
892,Su,FLOWER,pulu,456,b
893,Ul,FLOWER,pulu,456,b
894,Mi,FLOWER,taŋni,457,
895,Pa,FLOWER,ãwhá,458,
896,Ra,FLOWER,uɾuk,459,
897,Gua,FLOWER,ɬu:tu,454,a
898,Bor,FLOWER,sɾùt,454,a
899,Bri,FLOWER,duká,460,c
900,Cab,FLOWER,uʊ́dkuà,460,c
901,Te,FLOWER,kʰólòŋ,461,
902,Mo,FLOWER,blɯ,456,b
903,Boc,FLOWER,hɾa,462,
904,Dor,FLOWER,shii,463,
905,Cu,FLOWER,tuttu,454,a
906,Co,FLOWER,'humʃi,464,
907,Ica,FLOWER,tin'sana,465,
908,Da,FLOWER,ʃoma,466,ch
909,Chi,FLOWER,'kusaŋgɾa,467,
910,Mu,FLOWER,uβa,468,
911,Tun,FLOWER,'suwa,469,
912,Ba,FLOWER,sũdũ,454,a
913,LS,COLD,ts'ana,470,a
914,LH,COLD,miti,471,
915,Ca,COLD,tusni,472,
916,Su,COLD,saŋni,470,a
917,Ul,COLD,ripka,473,
918,Mi,COLD,kahula,474,
919,Pa,COLD,sã̀jwá,470,a
920,Ra,COLD,saima,470,a
921,Gua,COLD,tʃitʃi:xa,470,a
922,Bor,COLD,sèxká,470,a
923,Bri,COLD,sẽ̂ssẽ̌,470,a
924,Cab,COLD,tsḗ,470,a
925,Te,COLD,séntè,470,a
926,Mo,COLD,tibo,470,a
927,Boc,COLD,skeke,470,a
928,Dor,COLD,saiga,470,a
929,Cu,COLD,tiopikwa,475,
930,Co,COLD,ʃu'izala,476,
931,Ica,COLD,kɨ kawa,477,
932,Da,COLD,se,470,a
933,Chi,COLD,sa:hnihka:,470,a
934,Mu,COLD,nɨko,478,
935,Tun,COLD,'seroa,470,a
936,Ba,COLD,te:,470,a
937,LS,FIRE,ik'aN,479,a
938,LH,FIRE,juka,479,a
939,Ca,FIRE,lawali,480,
940,Su,FIRE,kuh,481,b
941,Ul,FIRE,kuh,481,b
942,Mi,FIRE,pawta,482,c
943,Pa,FIRE,tã̀jwã́,483,
944,Ra,FIRE,abuŋ,484,
945,Gua,FIRE,kue:,481,b
946,Bor,FIRE,dʒìkɾá,485,ch
947,Bri,FIRE,bʊ̌uʊ̀,482,c
948,Cab,FIRE,dʒʊkʊ́,479,a
949,Te,FIRE,iʊ̀k,479,a
950,Mo,FIRE,ɲukwɔ,479,a
951,Boc,FIRE,hita,485,ch
952,Dor,FIRE,kebú,485,ch
953,Cu,FIRE,so:,486,d
954,Co,FIRE,gauk'sei,486,d
955,Ica,FIRE,gei,485,ch
956,Da,FIRE,gie,485,ch
957,Chi,FIRE,pɾi:mu,487,
958,Mu,FIRE,ɣata,485,ch
959,Tun,FIRE,'oka,486,d
960,Ba,FIRE,kane,488,
961,LS,HIT,maʃ,489,a
962,LH,HIT,imas,489,a
963,Ca,HIT,du,490,
964,Su,HIT,bau,491,b
965,Ul,HIT,bau,491,b
966,Mi,HIT,pruk,492,
967,Pa,HIT,màs,489,a
968,Ra,HIT,kaŋ,493,
969,Gua,HIT,koro:,494,
970,Bor,HIT,báxt,495,c
971,Bri,HIT,tɪ,496,ch
972,Cab,HIT,tɪ,496,ch
973,Te,HIT,ʃpók,497,
974,Mo,HIT,met,495,c
975,Boc,HIT,bate,495,c
976,Dor,HIT,,498,
977,Cu,HIT,saɾsoke,499,d
978,Co,HIT,'muʃ,500,e
979,Ica,HIT,agu'pəss,501,f
980,Da,HIT,'paʃ,501,f
981,Chi,HIT,ha: sagɾi,502,
982,Mu,HIT,ɣɨi,499,d
983,Tun,HIT,bu'ki,500,e
984,Ba,HIT,da,503,
985,LS,BIG,puka,504,a
986,LH,BIG,puki,504,a
987,Ca,BIG,bajaka,505,b
988,Su,BIG,nuhni,506,
989,Ul,BIG,sikka,507,
990,Mi,BIG,ta:ɾa,508,c
991,Pa,BIG,àʔká,509,
992,Ra,BIG,ta:ɾa,508,c
993,Gua,BIG,ni:kaŋe:,510,
994,Bor,BIG,kɾíʔ,511,ch
995,Bri,BIG,bɪ̌diè,512,
996,Cab,BIG,tã́ĩ́,513,d
997,Te,BIG,kɪ́s,514,
998,Mo,BIG,kɾi,511,ch
999,Boc,BIG,kweɾi,515,e
1000,Dor,BIG,óci,516,
1001,Cu,BIG,tumma,517,
1002,Co,BIG,a'tema,513,d
1003,Ica,BIG,a'wənʔ kawa,518,
1004,Da,BIG,aiku'ia,519,
1005,Chi,BIG,ku'e:ɾi'tuʔ,515,e
1006,Mu,BIG,kuhuma,520,f
1007,Tun,BIG,'kumakɾo,520,f
1008,Ba,BIG,ba,505,b
1009,LS,WORM,ts'its'a,521,
1010,LH,WORM,suɾu,522,
1011,Ca,WORM,bil,523,a
1012,Su,WORM,ba:bil,523,a
1013,Ul,WORM,bil,523,a
1014,Mi,WORM,liwa,524,
1015,Pa,WORM,wíʔ,525,b
1016,Ra,WORM,bi:ɾu,523,a
1017,Gua,WORM,kara:ki,526,
1018,Bor,WORM,dʒíŋ,527,c
1019,Bri,WORM,ɪ̃̂,527,c
1020,Cab,WORM,hĩ́,527,c
1021,Te,WORM,ʃtó,528,
1022,Mo,WORM,ŋĩ,527,c
1023,Boc,WORM,gwi,525,b
1024,Dor,WORM,kisi,527,c
1025,Cu,WORM,nusu,529,
1026,Co,WORM,ʒi,527,c
1027,Ica,WORM,zi,527,c
1028,Da,WORM,di,527,c
1029,Chi,WORM,'bɾuuʔ,523,a
1030,Mu,WORM,tsina,527,c
1031,Tun,WORM,ɾim'ja,530,
1032,Ba,WORM,iʃanaba,527,c
1033,LS,TALK,ʃakini,531,
1034,LH,TALK,mol,532,
1035,Ca,TALK,piswa,533,
1036,Su,TALK,jul,534,a
1037,Ul,TALK,julbau,534,a
1038,Mi,TALK,ajs,535,
1039,Pa,TALK,kapáʃ,536,
1040,Ra,TALK,baltiŋ,537,
1041,Gua,TALK,ɬai:ki,538,b
1042,Bor,TALK,tèk,538,b
1043,Bri,TALK,ut,539,c
1044,Cab,TALK,utɪ,539,c
1045,Te,TALK,thẽɺẽ́,540,
1046,Mo,TALK,blit,541,
1047,Boc,TALK,geɾule,542,
1048,Dor,TALK,set,538,b
1049,Cu,TALK,sunmakke,539,c
1050,Co,TALK,'neʃ,543,
1051,Ica,TALK,asei,538,b
1052,Da,TALK,ashé,538,b
1053,Chi,TALK,ta:ɾaŋ,544,
1054,Mu,TALK,kuβu,545,
1055,Tun,TALK,te'w̃inɾo,546,
1056,Ba,TALK,ana,547,
1057,LS,SISTER,peleh,548,a
1058,LH,SISTER,pela,548,a
1059,Ca,SISTER,tʃa,549,
1060,Su,SISTER,ami,550,b
1061,Ul,SISTER,ami:,550,b
1062,Mi,SISTER,lakra,551,
1063,Pa,SISTER,pàʔʃà,552,
1064,Ra,SISTER,sa:suk,553,
1065,Gua,SISTER,ɬaka:tʃuma:,554,
1066,Bor,SISTER,suíʔ,555,
1067,Bri,SISTER,kutá,556,c
1068,Cab,SISTER,kutà,556,c
1069,Te,SISTER,dóɾ,557,
1070,Mo,SISTER,ŋuãĩ,558,
1071,Boc,SISTER,da'baia,559,
1072,Dor,SISTER,bek,560,
1073,Cu,SISTER,puna,561,
1074,Co,SISTER,'nu,562,
1075,Ica,SISTER,'zati,563,
1076,Da,SISTER,'asi,564,
1077,Chi,SISTER,dʒe:,565,
1078,Mu,SISTER,ɣuahatsa,566,
1079,Tun,SISTER,ʃi'ta,556,c
1080,Ba,SISTER,sí,556,c
1081,LS,LIVER,muts'u,567,a
1082,LH,LIVER,musu,567,a
1083,Ca,LIVER,kawa,568,b
1084,Su,LIVER,isiŋ,569,
1085,Ul,LIVER,asuŋ,570,
1086,Mi,LIVER,awja,571,
1087,Pa,LIVER,hɾá,572,
1088,Ra,LIVER,psa,573,c
1089,Gua,LIVER,kua:ki,568,b
1090,Bor,LIVER,kóʔk,568,b
1091,Bri,LIVER,ẽ̂d,574,ch
1092,Cab,LIVER,hẽ̂d,574,ch
1093,Te,LIVER,uò,575,
1094,Mo,LIVER,mɔtɔ,573,c
1095,Boc,LIVER,takwa,576,d
1096,Dor,LIVER,hókoa,577,
1097,Cu,LIVER,pi:na,573,c
1098,Co,LIVER,a'bita,573,c
1099,Ica,LIVER,'higəɾu,578,
1100,Da,LIVER,anʒbita,573,c
1101,Chi,LIVER,'ka:wiʔ,568,b
1102,Mu,LIVER,tɨhɨβa,576,d
1103,Tun,LIVER,'tanuba,576,d
1104,Ba,LIVER,a:bĩba,579,
1105,LS,LEAF,aw,580,a
1106,LH,LEAF,wala,581,b
1107,Ca,LEAF,taka,582,
1108,Su,LEAF,bas,583,c
1109,Ul,LEAF,bas,583,c
1110,Mi,LEAF,waha,581,b
1111,Pa,LEAF,á,584,ch
1112,Ra,LEAF,ka:,584,ch
1113,Gua,LEAF,au:ki,580,a
1114,Bor,LEAF,ká,584,ch
1115,Bri,LEAF,kʊ́,584,ch
1116,Cab,LEAF,kʊ́,584,ch
1117,Te,LEAF,kʰɺógà,585,
1118,Mo,LEAF,kʔ,584,ch
1119,Boc,LEAF,ga,584,ch
1120,Dor,LEAF,kaláʔka,584,ch
1121,Cu,LEAF,ka:,584,ch
1122,Co,LEAF,kai,584,ch
1123,Ica,LEAF,'atʃɨ,586,d
1124,Da,LEAF,ata,586,d
1125,Chi,LEAF,ka:,584,ch
1126,Mu,LEAF,kɨe,584,ch
1127,Tun,LEAF,'kaja,584,ch
1128,Ba,LEAF,ka,584,ch
1129,LS,MAN,iʃku,587,
1130,LH,MAN,misu,588,a
1131,Ca,MAN,misil,588,a
1132,Su,MAN,al,589,b
1133,Ul,MAN,al,589,b
1134,Mi,MAN,wajtna,590,
1135,Pa,MAN,àɾwã́,589,b
1136,Ra,MAN,nki:kna,591,
1137,Gua,MAN,otʃa:paka:,592,
1138,Bor,MAN,kóŋróxk,593,
1139,Bri,MAN,uɪ̂b,594,
1140,Cab,MAN,hadʒɪ́uàʔ,595,
1141,Te,MAN,dòbén,596,
1142,Mo,MAN,bɾaɾe,597,c
1143,Boc,MAN,blále,597,c
1144,Dor,MAN,taro,598,
1145,Cu,MAN,matʃeɾet,599,
1146,Co,MAN,si'gi,600,
1147,Ica,MAN,'tʃeiɾwa,601,ch
1148,Da,MAN,te'ɾua,601,ch
1149,Chi,MAN,sa:wiɾi,601,ch
1150,Mu,MAN,tʲa,601,ch
1151,Tun,MAN,'seɾa,601,ch
1152,Ba,MAN,na,602,
1153,LS,BONE,ts'eh,603,a
1154,LH,BONE,sek,603,a
1155,Ca,BONE,naman,604,
1156,Su,BONE,wakal,605,b
1157,Ul,BONE,wakal,605,b
1158,Mi,BONE,dusa,606,
1159,Pa,BONE,pájã̀,607,
1160,Ra,BONE,a:luk,608,
1161,Gua,BONE,ko:ɾa,609,c
1162,Bor,BONE,dètkɾá,610,
1163,Bri,BONE,ditʃǎʔ,611,ch
1164,Cab,BONE,tʃitʃʔá,611,ch
1165,Te,BONE,dobógɺo,612,
1166,Mo,BONE,kɾɔ,609,c
1167,Boc,BONE,gda,609,c
1168,Dor,BONE,koné,613,
1169,Cu,BONE,kala,609,c
1170,Co,BONE,zalakala,614,
1171,Ica,BONE,'wesu,615,
1172,Da,BONE,kɨkɨɾa,616,
1173,Chi,BONE,kɨ:kɾaʔ,617,
1174,Mu,BONE,kɨnɨ,609,c
1175,Tun,BONE,'kaɾaɾa,609,c
1176,Ba,BONE,kana,609,c
1177,LS,SMOKE (EXHAUST),mo,618,a
1178,LH,SMOKE (EXHAUST),po:ɾo,618,a
1179,Ca,SMOKE (EXHAUST),kiba,619,b
1180,Su,SMOKE (EXHAUST),wajau,620,c
1181,Ul,SMOKE (EXHAUST),waju,620,c
1182,Mi,SMOKE (EXHAUST),kjasma,619,b
1183,Pa,SMOKE (EXHAUST),wãs,620,c
1184,Ra,SMOKE (EXHAUST),sawa,621,ch
1185,Gua,SMOKE (EXHAUST),uxu:ma,622,
1186,Bor,SMOKE (EXHAUST),dʒìdʒà,623,
1187,Bri,SMOKE (EXHAUST),ʃkaɺã̂,624,d
1188,Cab,SMOKE (EXHAUST),ʃkaɺã́,624,d
1189,Te,SMOKE (EXHAUST),ɲó,625,e
1190,Mo,SMOKE (EXHAUST),ŋɯbɯ,626,
1191,Boc,SMOKE (EXHAUST),hiã́,627,
1192,Dor,SMOKE (EXHAUST),kébusa,621,ch
1193,Cu,SMOKE (EXHAUST),wa:,620,c
1194,Co,SMOKE (EXHAUST),ihia,625,e
1195,Ica,SMOKE (EXHAUST),'zatʃa,628,
1196,Da,SMOKE (EXHAUST),suta,629,
1197,Chi,SMOKE (EXHAUST),'iŋŋaʔ,625,e
1198,Mu,SMOKE (EXHAUST),ie,625,e
1199,Tun,SMOKE (EXHAUST),'ijaɾa,625,e
1200,Ba,SMOKE (EXHAUST),inakba,625,e
1201,LS,LONG,kota,630,
1202,LH,LONG,kasi,631,
1203,Ca,LONG,wisnika,632,
1204,Su,LONG,najni,633,
1205,Ul,LONG,juhka,634,
1206,Mi,LONG,jaɾi,635,
1207,Pa,LONG,bà:jkti,636,
1208,Ra,LONG,suma,637,
1209,Gua,LONG,ɬaɾa:tene:,638,
1210,Bor,LONG,biògát,639,
1211,Bri,LONG,bitsĩ̌,640,a
1212,Cab,LONG,batsĩ́,640,a
1213,Te,LONG,kʰɺòtáɾeŋ,641,
1214,Mo,LONG,ŋa,642,b
1215,Boc,LONG,heike,643,
1216,Dor,LONG,kiágal,644,
1217,Cu,LONG,suiti,645,
1218,Co,LONG,'ueĩʒiluka,646,
1219,Ica,LONG,'gaɾi,642,b
1220,Da,LONG,ɾiinukka,647,
1221,Chi,LONG,gaɾihŋa:te,642,b
1222,Mu,LONG,ɣahasio,642,b
1223,Tun,LONG,ena'ɾa,648,
1224,Ba,LONG,akbakɨ,649,
1225,LS,CLEAN,ts'ih,650,a
1226,LH,CLEAN,sak,650,a
1227,Ca,CLEAN,saka,650,a
1228,Su,CLEAN,suh,651,b
1229,Ul,CLEAN,suh,651,b
1230,Mi,CLEAN,tusk,652,
1231,Pa,CLEAN,súk,651,b
1232,Ra,CLEAN,suk,651,b
1233,Gua,CLEAN,ɬoki:,651,b
1234,Bor,CLEAN,túxk,651,b
1235,Bri,CLEAN,suk,651,b
1236,Cab,CLEAN,sku,651,b
1237,Te,CLEAN,kuóʃkuɪ̀,651,b
1238,Mo,CLEAN,bɔtete,653,
1239,Boc,CLEAN,glige,654,
1240,Dor,CLEAN,,655,
1241,Cu,CLEAN,enukke,651,b
1242,Co,CLEAN,ihi'ʒihiĩ,656,
1243,Ica,CLEAN,aʔ'tʃukkw,651,b
1244,Da,CLEAN,atukw,651,b
1245,Chi,CLEAN,'tukkua,651,b
1246,Mu,CLEAN,tʲuhu,651,b
1247,Tun,CLEAN,su'kwi,651,b
1248,Ba,CLEAN,duk,651,b
1249,LS,FAR,kota,657,a
1250,LH,FAR,kota,657,a
1251,Ca,FAR,ataptika,658,
1252,Su,FAR,nai,659,b
1253,Ul,FAR,bai,660,
1254,Mi,FAR,lajhura,659,b
1255,Pa,FAR,kã:ɾà,661,c
1256,Ra,FAR,naɾbik,662,
1257,Gua,FAR,kartau:ni,661,c
1258,Bor,FAR,káuìk,663,
1259,Bri,FAR,kã̂bĩ̌,664,ch
1260,Cab,FAR,kãbĩ̂ĩ̂,664,ch
1261,Te,FAR,ɸòla,665,
1262,Mo,FAR,mẽte,666,d
1263,Boc,FAR,bate,666,d
1264,Dor,FAR,héppe,667,
1265,Cu,FAR,panna,666,d
1266,Co,FAR,male'zenka,668,e
1267,Ica,FAR,'peikɨ,669,
1268,Da,FAR,ma'ɾaʒanekka,668,e
1269,Chi,FAR,matta,666,d
1270,Mu,FAR,ahuen maɣue,670,
1271,Tun,FAR,bi'ɾa,671,
1272,Ba,FAR,ittikkiɲa,672,
1273,LS,TONGUE,nepal,673,a
1274,LH,TONGUE,nepel,673,a
1275,Ca,TONGUE,tum,674,b
1276,Su,TONGUE,tu,674,b
1277,Ul,TONGUE,tu,674,b
1278,Mi,TONGUE,twisa,674,b
1279,Pa,TONGUE,ùwà,675,c
1280,Ra,TONGUE,ku:p,676,e
1281,Gua,TONGUE,ku:,676,e
1282,Bor,TONGUE,kuátkuà,675,c
1283,Bri,TONGUE,kǔʔ,676,e
1284,Cab,TONGUE,kú,675,c
1285,Te,TONGUE,kʰèɾkuó,677,
1286,Mo,TONGUE,tɯdɾɔ,674,b
1287,Boc,TONGUE,kwiɾa,676,e
1288,Dor,TONGUE,kuba,676,e
1289,Cu,TONGUE,kwapinni,676,e
1290,Co,TONGUE,hu'angala,678,
1291,Ica,TONGUE,ko'ɾiʔgənɨ,676,e
1292,Da,TONGUE,kongɨɾa,675,c
1293,Chi,TONGUE,ku'a:ʔ,675,c
1294,Mu,TONGUE,pkua,675,c
1295,Tun,TONGUE,'kuwa,676,e
1296,Ba,TONGUE,kobẽ:,676,e
1297,LS,MOON,lets'a,679,
1298,LH,MOON,mesti,680,
1299,Ca,MOON,ajku,681,a
1300,Su,MOON,wajku,681,a
1301,Ul,MOON,wajku,681,a
1302,Mi,MOON,kãti,682,
1303,Pa,MOON,jwì,683,
1304,Ra,MOON,tukan,684,
1305,Gua,MOON,ɬixi:,685,b
1306,Bor,MOON,tèbéx,686,
1307,Bri,MOON,sǐuʊ̀,685,b
1308,Cab,MOON,tuɺù,687,
1309,Te,MOON,mók,688,
1310,Mo,MOON,sɣ,685,b
1311,Boc,MOON,dai,689,
1312,Dor,MOON,sirila,685,b
1313,Cu,MOON,ni:,685,b
1314,Co,MOON,'saka,690,e
1315,Ica,MOON,'tima,685,b
1316,Da,MOON,saga,690,e
1317,Chi,MOON,maʔmasu,691,
1318,Mu,MOON,tʲie,685,b
1319,Tun,MOON,siʔ'joɾa,685,b
1320,Ba,MOON,tiba:,685,b
1321,LS,CRY,kaj,692,
1322,LH,CRY,aj,693,a
1323,Ca,CRY,walwa,694,
1324,Su,CRY,ajdi,693,a
1325,Ul,CRY,ajda,693,a
1326,Mi,CRY,in,695,
1327,Pa,CRY,àkàh,696,
1328,Ra,CRY,paun,697,b
1329,Gua,CRY,xue:,698,
1330,Bor,CRY,bò,697,b
1331,Bri,CRY,iĩ,699,c
1332,Cab,CRY,hĩ,699,c
1333,Te,CRY,sɾáɾ,700,
1334,Mo,CRY,mui,697,b
1335,Boc,CRY,moe,697,b
1336,Dor,CRY,bos,697,b
1337,Cu,CRY,po,697,b
1338,Co,CRY,'mau,697,b
1339,Ica,CRY,mau,697,b
1340,Da,CRY,áuau,701,
1341,Chi,CRY,'o:ni,702,
1342,Mu,CRY,kon,703,ch
1343,Tun,CRY,ko'ni,703,ch
1344,Ba,CRY,kona,703,ch
1345,LS,MOTHER,laNke,704,
1346,LH,MOTHER,mina,705,a
1347,Ca,MOTHER,ami,705,a
1348,Su,MOTHER,itaŋ,706,b
1349,Ul,MOTHER,itaŋ,706,b
1350,Mi,MOTHER,japti,707,
1351,Pa,MOTHER,kákì,708,
1352,Ra,MOTHER,aiɾuŋ,709,
1353,Gua,MOTHER,su:,710,
1354,Bor,MOTHER,bè,711,c
1355,Bri,MOTHER,abĩ́,705,a
1356,Cab,MOTHER,bĩ́daã̀,705,a
1357,Te,MOTHER,mé,711,c
1358,Mo,MOTHER,meje,711,c
1359,Boc,MOTHER,tʃebi,712,
1360,Dor,MOTHER,toó,713,
1361,Cu,MOTHER,nana,714,
1362,Co,MOTHER,'haba,715,ch
1363,Ica,MOTHER,'zaku,716,
1364,Da,MOTHER,abu,715,ch
1365,Chi,MOTHER,ka:hmanta,717,
1366,Mu,MOTHER,ɣuaia,718,
1367,Tun,MOTHER,a'ba,715,ch
1368,Ba,MOTHER,abama,715,ch
1369,LS,BAD,ʃamtoa,719,a
1370,LH,BAD,kiauɾu,720,
1371,Ca,BAD,jamua,719,a
1372,Su,BAD,dutni,721,b
1373,Ul,BAD,dutka,721,b
1374,Mi,BAD,sawɾa,722,
1375,Pa,BAD,wàɾkwá,723,c
1376,Ra,BAD,kwahala,723,c
1377,Gua,BAD,eme: koka:ɾiŋa,724,
1378,Bor,BAD,sádʒèŋ,725,
1379,Bri,BAD,suɺǔ,726,ch
1380,Cab,BAD,saɺuí,726,ch
1381,Te,BAD,ó,727,
1382,Mo,BAD,kɔme,728,
1383,Boc,BAD,me no,729,
1384,Dor,BAD,irógla,730,
1385,Cu,BAD,itʃakkwakwa,731,
1386,Co,BAD,'ʃane,732,
1387,Ica,BAD,du naʔ neika,733,
1388,Da,BAD,unanduanéka,734,
1389,Chi,BAD,dʒo:ta,735,
1390,Mu,BAD,atʲuentsa,736,
1391,Tun,BAD,aj batɾo,737,
1392,Ba,BAD,atakkasu,738,
1393,LS,HAND,koʃaka,739,a
1394,LH,HAND,kulala,739,a
1395,Ca,HAND,panam,740,
1396,Su,HAND,tin,741,b
1397,Ul,HAND,tin,741,b
1398,Mi,HAND,mihta,742,
1399,Pa,HAND,swà,743,
1400,Ra,HAND,kwi:k,744,c
1401,Gua,HAND,kuki:,744,c
1402,Bor,HAND,dʒùɾéʔ,745,ch
1403,Bri,HAND,uɺa,745,ch
1404,Cab,HAND,huɺà,745,ch
1405,Te,HAND,óɾkuò,746,d
1406,Mo,HAND,kise,747,
1407,Boc,HAND,ko,739,a
1408,Dor,HAND,kul,745,ch
1409,Cu,HAND,aɾkan,746,d
1410,Co,HAND,'kokala,739,a
1411,Ica,HAND,'gunnɨ,745,ch
1412,Da,HAND,'gula,745,ch
1413,At,HAND,gúna,745,ch
1414,Chi,HAND,hattakɾa,748,e
1415,Mu,HAND,ɨta,748,e
1416,Tun,HAND,'atkaɾa,748,e
1417,Ba,HAND,akdu,749,
1418,LS,KILL,ʃil,750,
1419,LH,KILL,kas,751,
1420,Ca,KILL,kulina,752,
1421,Su,KILL,i:,753,a
1422,Ul,KILL,i:,753,a
1423,Mi,KILL,ik,753,a
1424,Pa,KILL,àmàs,754,
1425,Ra,KILL,maliŋ,755,
1426,Gua,KILL,kua:,756,b
1427,Bor,KILL,áiʔ,757,
1428,Bri,KILL,kʊt,758,c
1429,Cab,KILL,kot,758,c
1430,Te,KILL,zɾʊ́k,759,
1431,Mo,KILL,kɔmike,760,
1432,Boc,KILL,gweda,756,b
1433,Dor,KILL,,761,
1434,Cu,KILL,opurkwe,762,
1435,Co,KILL,gu'aʃ,756,b
1436,Ica,KILL,'gwak,756,b
1437,Da,KILL,gwaʒ,756,b
1438,Chi,KILL,gwah,756,b
1439,Mu,KILL,ɣu,756,b
1440,Tun,KILL,ja'uwi,763,
1441,Ba,KILL,so,764,
1442,LS,MOUNTAIN,kotaN,765,a
1443,LH,MOUNTAIN,kotaN,765,a
1444,Ca,MOUNTAIN,karan,765,a
1445,Su,MOUNTAIN,asaŋ,766,b
1446,Ul,MOUNTAIN,asaŋ,766,b
1447,Mi,MOUNTAIN,asaŋ taɾa,766,b
1448,Pa,MOUNTAIN,ʃókà,767,
1449,Ra,MOUNTAIN,ta:sup,768,
1450,Gua,MOUNTAIN,okteki:,769,
1451,Bor,MOUNTAIN,dʒàbáʔtáŋ,770,
1452,Bri,MOUNTAIN,kã̂ batà,771,c
1453,Cab,MOUNTAIN,kã́ batà,771,c
1454,Te,MOUNTAIN,dɺùb,772,
1455,Mo,MOUNTAIN,ŋutio,773,
1456,Boc,MOUNTAIN,hwitʃuga,774,d
1457,Dor,MOUNTAIN,tuú,775,
1458,Cu,MOUNTAIN,jala,776,
1459,Co,MOUNTAIN,ge'ka,777,
1460,Ica,MOUNTAIN,'gwiɾkənɨ,774,d
1461,Da,MOUNTAIN,ʃimu'rua,778,
1462,Chi,MOUNTAIN,ittikoŋkɾa,779,
1463,Mu,MOUNTAIN,ɣua,774,d
1464,Tun,MOUNTAIN,'kubaɾa,780,
1465,Ba,MOUNTAIN,ɲena,781,
1466,LS,BITE,ti,782,
1467,LH,BITE,kaj,783,a
1468,Ca,BITE,api,784,
1469,Su,BITE,kas,783,a
1470,Ul,BITE,kas,783,a
1471,Mi,BITE,sam,785,
1472,Pa,BITE,sáhkɾàh,786,
1473,Ra,BITE,aɾŋul,787,
1474,Gua,BITE,tʃiu:,788,
1475,Bor,BITE,túʔ,789,
1476,Bri,BITE,kʊ,790,b
1477,Cab,BITE,kʊ,790,b
1478,Te,BITE,uɪ́,791,
1479,Mo,BITE,kwet,792,c
1480,Boc,BITE,gute,792,c
1481,Dor,BITE,,793,
1482,Cu,BITE,kunn,792,c
1483,Co,BITE,hau'lihiĩ,794,
1484,Ica,BITE,kə'kus,795,
1485,Da,BITE,ʒangaka,796,
1486,Chi,BITE,ɾa:gwa,797,
1487,Mu,BITE,ka,783,a
1488,Tun,BITE,'koʔ,790,b
1489,Ba,BITE,ko,790,b
1490,LS,WOMAN,sija,798,
1491,LH,WOMAN,mop,799,
1492,Ca,WOMAN,juara,800,a
1493,Su,WOMAN,jal,800,a
1494,Ul,WOMAN,jal,800,a
1495,Mi,WOMAN,majrin,801,b
1496,Pa,WOMAN,kóɾtà,802,c
1497,Ra,WOMAN,kuma:,803,
1498,Gua,WOMAN,kuɾi:xuɾi:,802,c
1499,Bor,WOMAN,ɾamɾóxk,804,ch
1500,Bri,WOMAN,aɺákʊ̀ɺ,804,ch
1501,Cab,WOMAN,aɺâkɺʊ̀,804,ch
1502,Te,WOMAN,uàɺɪ́,805,
1503,Mo,WOMAN,meɾi,801,b
1504,Boc,WOMAN,mũĩŋa,806,
1505,Dor,WOMAN,biá,807,e
1506,Cu,WOMAN,ome,808,
1507,Co,WOMAN,'munʒi,809,d
1508,Ica,WOMAN,aʔ'mia,810,
1509,Da,WOMAN,'mena,801,b
1510,Chi,WOMAN,dʒuwiɾi,811,
1511,Mu,WOMAN,βuhutʲa,809,d
1512,Tun,WOMAN,wi'w̃a,812,
1513,Ba,WOMAN,bio,807,e
1514,LS,NOSE,nepkuɾu,813,a
1515,LH,NOSE,nepsek,813,a
1516,Ca,NOSE,namn,813,a
1517,Su,NOSE,nam,813,a
1518,Ul,NOSE,nantak,813,a
1519,Mi,NOSE,kakma,814,
1520,Pa,NOSE,tã́jsá,813,a
1521,Ra,NOSE,taik,813,a
1522,Gua,NOSE,tai:ki,813,a
1523,Bor,NOSE,ʃìská,815,
1524,Bri,NOSE,dʒɪ̂k,813,a
1525,Cab,NOSE,dʒík,813,a
1526,Te,NOSE,nékuò,813,a
1527,Mo,NOSE,ĩsɔ̃,816,
1528,Boc,NOSE,se,817,
1529,Dor,NOSE,nekó,813,a
1530,Cu,NOSE,asu,818,
1531,Co,NOSE,hũ'nũkala,819,
1532,Ica,NOSE,mi'suŋɨ,820,b
1533,Da,NOSE,mĩʃu'a,821,
1534,Chi,NOSE,da:,813,a
1535,Mu,NOSE,saka,813,a
1536,Tun,NOSE,'reʃa,813,a
1537,Ba,NOSE,nissa,813,a
1538,LS,BLACK,sinka,822,a
1539,LH,BLACK,siɾi,822,a
1540,Ca,BLACK,mulka,823,
1541,Su,BLACK,sa:ni,824,b
1542,Ul,BLACK,baraska,825,c
1543,Mi,BLACK,siksa,822,a
1544,Pa,BLACK,sã̀wnkwa,826,
1545,Ra,BLACK,paɾŋa,825,c
1546,Gua,BLACK,utʃu:li iŋa:,827,
1547,Bor,BLACK,tùɾìnát,828,
1548,Bri,BLACK,daɺǒɺǒ,829,ch
1549,Cab,BLACK,doɺódã̀,829,ch
1550,Te,BLACK,sòksĩ́,830,
1551,Mo,BLACK,dɾɯne,825,c
1552,Boc,BLACK,heɾe,831,
1553,Dor,BLACK,saná,824,b
1554,Cu,BLACK,sitʃi,832,
1555,Co,BLACK,a'baksɯ,825,c
1556,Ica,BLACK,twi kawa,833,
1557,Da,BLACK,amɨkʃi,825,c
1558,Chi,BLACK,sih'tu,822,a
1559,Mu,BLACK,mɨhɨsio,825,c
1560,Tun,BLACK,ti'kaja,834,
1561,Ba,BLACK,ma:,824,b
1562,LS,CHILD,wewe,835,a
1563,LH,CHILD,wewe,835,a
1564,Ca,CHILD,misa,836,
1565,Su,CHILD,muihbin,837,
1566,Ul,CHILD,baka,838,b
1567,Mi,CHILD,tuktan,839,
1568,Pa,CHILD,jé,840,
1569,Ra,CHILD,ti:skama,841,
1570,Gua,CHILD,aɾaptʃa:,842,c
1571,Bor,CHILD,uáʔ,835,a
1572,Bri,CHILD,aɺá,842,c
1573,Cab,CHILD,dʒabà,843,d
1574,Te,CHILD,ã́ũã̀,844,
1575,Mo,CHILD,nɔbɔgɾe,843,d
1576,Boc,CHILD,kiɾogwa,845,
1577,Dor,CHILD,áni,842,c
1578,Cu,CHILD,matʃikwa,846,
1579,Co,CHILD,'sukua,847,
1580,Ica,CHILD,gəmmɨ'sinɨ,843,d
1581,Da,CHILD,gɨmɨntina,843,d
1582,Chi,CHILD,'oggwe,848,
1583,Mu,CHILD,ɣuasɣua,835,a
1584,Tun,CHILD,'saha,849,
1585,Ba,CHILD,baku,838,b
1586,LS,NO,ke,850,a
1587,LH,NO,te,851,b
1588,Ca,NO,san,852,c
1589,Su,NO,sa,852,c
1590,Ul,NO,sa,852,c
1591,Mi,NO,s,852,c
1592,Pa,NO,t,851,b
1593,Ra,NO,a:,853,
1594,Gua,NO,e:pe,854,ch
1595,Bor,NO,íʔʃì,855,
1596,Bri,NO,kɪ́,850,a
1597,Cab,NO,ká,850,a
1598,Te,NO,ʒɪ́m,856,
1599,Mo,NO,ɲakaɾe,857,
1600,Boc,NO,me,854,ch
1601,Dor,NO,,858,
1602,Cu,NO,suli,859,
1603,Co,NO,sa,852,c
1604,Ica,NO,uʔ,860,d
1605,Da,NO,ung,860,d
1606,Chi,NO,dʒumma,861,
1607,Mu,NO,tsa,862,
1608,Tun,NO,'baɾ,863,
1609,Ba,NO,akkaba,864,
1610,LS,NIGHT,ts'upa,865,
1611,LH,NIGHT,taNki,866,
1612,Ca,NIGHT,iran,867,
1613,Su,NIGHT,pukta,868,a
1614,Ul,NIGHT,pukka,868,a
1615,Mi,NIGHT,tihmja,869,
1616,Pa,NIGHT,kàká,870,
1617,Ra,NIGHT,kik,871,
1618,Gua,NIGHT,tiu:ɾika:,872,b
1619,Bor,NIGHT,bìgát,873,
1620,Bri,NIGHT,dadʒẽ̂uè,874,
1621,Cab,NIGHT,tauídã̀,872,b
1622,Te,NIGHT,ʃkɪ́,875,
1623,Mo,NIGHT,deu,876,
1624,Boc,NIGHT,ŋaheɾe,877,
1625,Dor,NIGHT,be,878,
1626,Cu,NIGHT,muttikki,879,
1627,Co,NIGHT,'sesɯn,880,c
1628,Ica,NIGHT,'seiaʔ,880,c
1629,Da,NIGHT,ʃe,880,c
1630,Chi,NIGHT,'sihnaka,880,c
1631,Mu,NIGHT,tsa,880,c
1632,Tun,NIGHT,'ʃejkaɾa,880,c
1633,Ba,NIGHT,sẽẽ,880,c
1634,LS,WE,pinani,881,a
1635,LH,WE,apinan,881,a
1636,Ca,WE,jamtakahi,882,
1637,Su,WE,jaŋna,883,b
1638,Ul,WE,jaŋna,883,b
1639,Mi,WE,jaŋnani,884,
1640,Ica,WE,untàs,885,
1641,Ra,WE,nusut,886,c
1642,Gua,WE,toi:,887,
1643,Bor,WE,dìʔ ɾóxk,888,ch
1644,Bri,WE,sǎʔ,889,d
1645,Cab,WE,sá,889,d
1646,Te,WE,tʰã̀ũã́,890,
1647,Mo,WE,nũ,886,c
1648,Boc,WE,tʃe,891,
1649,Dor,WE,kuχúok,892,
1650,Cu,WE,anmala,893,
1651,Co,WE,'nasɯn,894,
1652,Ica,WE,'níwi,888,ch
1653,Da,WE,nawindina,895,
1654,Tun,WE,'isa,896,
1655,Chi,WE,na:ɾiɾaʔ,897,
1656,Mu,WE,tʲie,898,e
1657,Ba,WE,tiɲi,898,e
1658,LS,CLOUD,ts'upa,899,a
1659,LH,CLOUD,tsopata,899,a
1660,Ca,CLOUD,amu,900,b
1661,Su,CLOUD,mukus,900,b
1662,Ul,CLOUD,mukus,900,b
1663,Mi,CLOUD,kasbrika,901,
1664,Pa,CLOUD,wanàk,902,
1665,Ra,CLOUD,nu:nikka:s,903,
1666,Gua,CLOUD,piu:,900,b
1667,Bor,CLOUD,bók,900,b
1668,Bri,CLOUD,bṍ,900,b
1669,Cab,CLOUD,bõ̀,900,b
1670,Te,CLOUD,ɸóŋ,900,b
1671,Mo,CLOUD,mɯta,900,b
1672,Boc,CLOUD,boga,900,b
1673,Dor,CLOUD,bókála,900,b
1674,Cu,CLOUD,mola,900,b
1675,Co,CLOUD,'maui,900,b
1676,Ica,CLOUD,'məɲɨ,900,b
1677,Da,CLOUD,moɲa,900,b
1678,Chi,CLOUD,monse,900,b
1679,Mu,CLOUD,ʔaoa,900,b
1680,Tun,CLOUD,bowa'ɾa,900,b
1681,Ba,CLOUD,nĩɲĩkɨ,904,
1682,LS,NEW,tuja,905,a
1683,LH,NEW,tuja,905,a
1684,Ca,NEW,misinan,906,b
1685,Su,NEW,wisam,906,b
1686,Ul,NEW,bata:ka,907,
1687,Mi,NEW,raja,908,
1688,Pa,NEW,wàjʔkà,909,
1689,Ra,NEW,abi:sa,906,b
1690,Gua,NEW,ɬa:ŋalu:ɾi,910,
1691,Bor,NEW,kìnká,911,
1692,Bri,NEW,pã̌ã̀ɺĩ̀,912,
1693,Cab,NEW,spã́'nã̀,913,
1694,Te,NEW,tàgɺɪ́ŋ,914,c
1695,Mo,NEW,mɣtɣ,906,b
1696,Boc,NEW,hageɾe,915,
1697,Dor,NEW,ponol,916,
1698,Cu,NEW,pi:ni,906,b
1699,Co,NEW,a'bisa,906,b
1700,Ica,NEW,a'bitti,906,b
1701,Da,NEW,ambɨ'si,906,b
1702,Chi,NEW,'takkeʔ,914,c
1703,Mu,NEW,βihitsa,906,b
1704,Tun,NEW,'ibsoja,906,b
1705,Ba,NEW,okdo,917,
1706,LS,HEAR,eni,918,a
1707,LH,HEAR,en,918,a
1708,Ca,HEAR,ara,919,b
1709,Su,HEAR,daka,920,c
1710,Ul,HEAR,daka,920,c
1711,Mi,HEAR,wal,919,b
1712,Pa,HEAR,weʃ,921,
1713,Ra,HEAR,alkuk,922,ch
1714,Gua,HEAR,tai:ki,920,c
1715,Bor,HEAR,dóxk,923,d
1716,Bri,HEAR,stsɪ,924,e
1717,Cab,HEAR,ksɪ,924,e
1718,Te,HEAR,kúk,922,ch
1719,Mo,HEAR,nu,923,d
1720,Boc,HEAR,tʃuge,923,d
1721,Dor,HEAR,tuktá,925,
1722,Cu,HEAR,itto,926,
1723,Co,HEAR,'nuk,923,d
1724,Ica,HEAR,'noʔkw,923,d
1725,Da,HEAR,nɨh'kwa,923,d
1726,Chi,HEAR,nok,923,d
1727,Mu,HEAR,nɨpkua,919,b
1728,Tun,HEAR,ɾaʔ,919,b
1729,Ba,HEAR,ana:,919,b
1730,LS,EYE,sap,927,a
1731,LH,EYE,sarin,927,a
1732,Ca,EYE,kunn,928,
1733,Su,EYE,makpa,929,b
1734,Ul,EYE,makdaka,929,b
1735,Mi,EYE,nakra,930,
1736,Pa,EYE,wà,931,c
1737,Ra,EYE,up,931,c
1738,Gua,EYE,ɸiɬi,932,
1739,Bor,EYE,kàʔíʃ kúb,933,
1740,Bri,EYE,uʊ́baɺà,931,c
1741,Cab,EYE,uʊ́baɺà,931,c
1742,Te,EYE,bòkuò,931,c
1743,Mo,EYE,okwɔ,934,ch
1744,Boc,EYE,gwagwa,931,c
1745,Dor,EYE,okó,934,ch
1746,Cu,EYE,ipia,935,
1747,Co,EYE,'uba,931,c
1748,Ica,EYE,'umɨ,931,c
1749,Da,EYE,uma,931,c
1750,Chi,EYE,wa:kwa,931,c
1751,Mu,EYE,upkua,931,c
1752,Tun,EYE,'uba,931,c
1753,Ba,EYE,o:,931,c
1754,LS,SMELL,ʃuʃi,936,a
1755,LH,SMELL,suis,936,a
1756,Ca,SMELL,alawa,937,b
1757,Su,SMELL,walap,937,b
1758,Ul,SMELL,um,938,
1759,Mi,SMELL,kja wal,939,
1760,Pa,SMELL,õ̀h,940,
1761,Ra,SMELL,ŋu:k,941,
1762,Gua,SMELL,u:ɬa,942,
1763,Bor,SMELL,súk,943,
1764,Bri,SMELL,aɺá stsɪ,944,c
1765,Cab,SMELL,haɺa ssɪ,944,c
1766,Te,SMELL,ɺoʃík,945,
1767,Mo,SMELL,ɾɔse,944,c
1768,Boc,SMELL,ɲáhwẽ,946,
1769,Dor,SMELL,,947,
1770,Cu,SMELL,u,948,
1771,Co,SMELL,'hungu,949,
1772,Ica,SMELL,ɾeʔbuss,950,
1773,Da,SMELL,nɨkɨnatuʒi,951,
1774,Chi,SMELL,'mo:,952,
1775,Mu,SMELL,mɨskɨ,953,
1776,Tun,SMELL,'ina jah,954,
1777,Ba,SMELL,atu,955,
1778,LS,EAR,tokoro,956,a
1779,LH,EAR,jaN,957,
1780,Ca,EAR,tupa,958,b
1781,Su,EAR,tapa,958,b
1782,Ul,EAR,tapa,958,b
1783,Mi,EAR,kjama,959,
1784,Pa,EAR,sũh,960,
1785,Ra,EAR,kuka:,961,c
1786,Gua,EAR,toko:,956,a
1787,Bor,EAR,kuágàx,961,c
1788,Bri,EAR,kukʊ́,961,c
1789,Cab,EAR,kukʊ́,961,c
1790,Te,EAR,kuòŋuó,961,c
1791,Mo,EAR,olo,962,ch
1792,Boc,EAR,olo,962,ch
1793,Dor,EAR,kugá,961,c
1794,Cu,EAR,uaja,963,
1795,Co,EAR,'kuka,961,c
1796,Ica,EAR,'kukkwɨ,961,c
1797,Da,EAR,ku'kwa,961,c
1798,Chi,EAR,ku:saka,961,c
1799,Mu,EAR,kuhuka,961,c
1800,Tun,EAR,kuhka'ha,961,c
1801,Ba,EAR,kokti,961,c
1802,LS,FATHER,t'ani,964,
1803,LH,FATHER,papa,965,a
1804,Ca,FATHER,wapa,965,a
1805,Su,FATHER,papaŋ,965,a
1806,Ul,FATHER,papaŋ,965,a
1807,Mi,FATHER,ajsa,966,
1808,Pa,FATHER,tù:s,967,b
1809,Ra,FATHER,tuŋ,967,b
1810,Gua,FATHER,sa,968,
1811,Bor,FATHER,dʒèbèxt,969,
1812,Bri,FATHER,dʒɪ̂,970,
1813,Cab,FATHER,kákà,971,c
1814,Te,FATHER,kʰók,971,c
1815,Mo,FATHER,rɯ̃,972,
1816,Boc,FATHER,ɲenu,973,
1817,Dor,FATHER,su,974,
1818,Cu,FATHER,papa,965,a
1819,Co,FATHER,'hate,975,ch
1820,Ica,FATHER,'kakɨ,971,c
1821,Da,FATHER,ade,975,ch
1822,At,FATHER,káke,971,c
1823,Chi,FATHER,dʒiaw,976,
1824,Mu,FATHER,paβa,977,
1825,Tun,FATHER,te'ta,978,d
1826,Ba,FATHER,taikda,978,d
1827,LS,SMALL,ts'iriʃki,979,a
1828,LH,SMALL,pori,980,
1829,Ca,SMALL,tʃiki,979,a
1830,Su,SMALL,bini,981,b
1831,Ul,SMALL,baka,981,b
1832,Mi,SMALL,sirpi,979,a
1833,Pa,SMALL,jéʔ,982,
1834,Ra,SMALL,suksuk,983,
1835,Gua,SMALL,noko:tʃa:,984,
1836,Bor,SMALL,ìstàmúɾá,985,
1837,Bri,SMALL,tsǐd,979,a
1838,Cab,SMALL,dʒuɺɪ́ɺà,986,
1839,Te,SMALL,tíɾà,979,a
1840,Mo,SMALL,tʃi,979,a
1841,Boc,SMALL,soli,987,
1842,Dor,SMALL,chital,979,a
1843,Cu,SMALL,tottokwa,988,
1844,Co,SMALL,'nanguze,989,
1845,Ica,SMALL,in'gɨkawa,990,c
1846,Da,SMALL,'akwia,991,
1847,Chi,SMALL,'dissu'tuʔ,992,
1848,Mu,SMALL,inɣe tsunɣa,990,c
1849,Tun,SMALL,'konuɾo,993,
1850,Ba,SMALL,baku,994,
1851,LS,DOG,ʃuʃu,995,a
1852,LH,DOG,suj,995,a
1853,Ca,DOG,alu,996,
1854,Su,DOG,sulu,995,a
1855,Ul,DOG,sulu,995,a
1856,Mi,DOG,jul,997,
1857,Pa,DOG,ʃúʃù,995,a
1858,Ra,DOG,tausuŋ,998,
1859,Gua,DOG,au:si,999,
1860,Bor,DOG,àúx,1000,
1861,Bri,DOG,tʃítʃì,1001,b
1862,Cab,DOG,tʃítʃì,1001,b
1863,Te,DOG,ʃíʃì,1002,
1864,Mo,DOG,nu,1003,c
1865,Boc,DOG,to,1003,c
1866,Dor,DOG,bilo,1004,
1867,Cu,DOG,atʃu,1005,
1868,Co,DOG,'pio,1006,
1869,Ica,DOG,'peɾɨ,1007,
1870,Da,DOG,kɨnsi,1008,
1871,Chi,DOG,pe:kɾu,1009,
1872,Mu,DOG,to,1003,c
1873,Tun,DOG,'bajaɾa,1010,
1874,Ba,DOG,nunaba.,1011,
1875,LS,HEAVY,t'ili,1012,a
1876,LH,HEAVY,tiliba,1012,a
1877,Ca,HEAVY,wim,1013,b
1878,Su,HEAVY,tihni,1012,a
1879,Ul,HEAVY,ti:ka,1012,a
1880,Mi,HEAVY,wira,1013,b
1881,Pa,HEAVY,tè na,1014,
1882,Ra,HEAVY,,1015,
1883,Gua,HEAVY,taikɬaka: ipiki:teŋe:,1016,
1884,Bor,HEAVY,tsìsóŋ,1017,
1885,Bri,HEAVY,ẽ̂xkẽ̌,1018,
1886,Cab,HEAVY,kidíi,1019,
1887,Te,HEAVY,kuíŋ,1020,
1888,Mo,HEAVY,dɔbɔgɔ,1021,
1889,Boc,HEAVY,gaba,1022,
1890,Dor,HEAVY,,1023,
1891,Cu,HEAVY,ukkusuli,1024,
1892,Co,HEAVY,matʃu ak'ze,1025,c
1893,Ica,HEAVY,mɨaʔ'zɨna,1025,c
1894,Da,HEAVY,gɨ anʒɨnga,1026,
1895,Chi,HEAVY,'dikkoʔ,1027,
1896,Mu,HEAVY,βihitsko,1028,
1897,Tun,HEAVY,si'naɾa,1029,
1898,Ba,HEAVY,a:bani.,1030,
1899,LS,FISH,ʃok'in,1031,a
1900,LH,FISH,sua,1031,a
1901,Ca,FISH,jal,1032,
1902,Su,FISH,was padini,1033,b
1903,Ul,FISH,was padika,1033,b
1904,Mi,FISH,inska,1034,
1905,Pa,FISH,ùʃã̀,1035,c
1906,Ra,FISH,salpka,1036,
1907,Gua,FISH,muɬu:,1037,
1908,Bor,FISH,ùŋ,1035,c
1909,Bri,FISH,dibã́,1038,d
1910,Cab,FISH,dibã̀,1038,d
1911,Te,FISH,mà,1035,c
1912,Mo,FISH,gwa,1035,c
1913,Boc,FISH,ŋwe,1035,c
1914,Dor,FISH,kisi,1039,
1915,Cu,FISH,ua,1035,c
1916,Co,FISH,ũa,1035,c
1917,Ica,FISH,'wakɨ,1035,c
1918,Da,FISH,waka,1035,c
1919,Chi,FISH,wa:ŋgɾa:ʔ,1035,c
1920,Mu,FISH,ɣua,1035,c
1921,Tun,FISH,'ɾiʔ 'ɾuwa,1040,
1922,Ba,FISH,tai.,1041,
1923,LS,FOOT,waʃaka,1042,a
1924,LH,FOOT,gwal,1042,a
1925,Ca,FOOT,si'lin,1043,
1926,Su,FOOT,kal,1044,b
1927,Ul,FOOT,kal,1044,b
1928,Mi,FOOT,mina,1045,
1929,Pa,FOOT,tàh,1046,
1930,Ra,FOOT,ka:t,1044,b
1931,Gua,FOOT,ɬo:ki tʃa:,1047,
1932,Bor,FOOT,kùɾáskuà,1048,
1933,Bri,FOOT,kaɺʊ́,1044,b
1934,Cab,FOOT,kaɺʊ́,1044,b
1935,Te,FOOT,ʃkóŋ,1049,c
1936,Mo,FOOT,ŋoto,1050,
1937,Boc,FOOT,seɾa,1051,ch
1938,Dor,FOOT,ser,1051,ch
1939,Cu,FOOT,naka,1049,c
1940,Co,FOOT,kasa,1052,d
1941,Ica,FOOT,'kəttɨ,1052,d
1942,Da,FOOT,kɨ'sa,1052,d
1943,Chi,FOOT,ka:sa,1052,d
1944,Mu,FOOT,kihitʲa,1052,d
1945,Tun,FOOT,'kesa,1052,d
1946,Ba,FOOT,kihtu:,1052,d
1947,LS,STONE,ke,1053,a
1948,LH,STONE,ke,1053,a
1949,Ca,STONE,apa,1054,b
1950,Su,STONE,ki,1053,a
1951,Ul,STONE,ki,1053,a
1952,Mi,STONE,walpa,1054,b
1953,Pa,STONE,sàʔ,1055,
1954,Ra,STONE,ŋali:ŋ,1056,
1955,Gua,STONE,oktaɾa:,1057,c
1956,Bor,STONE,káŋ,1053,a
1957,Bri,STONE,âk,1057,c
1958,Cab,STONE,hák,1057,c
1959,Te,STONE,àk,1057,c
1960,Mo,STONE,hɔ,1057,c
1961,Boc,STONE,ke,1053,a
1962,Dor,STONE,agá,1057,c
1963,Cu,STONE,akkwa,1057,c
1964,Co,STONE,'hagi,1057,c
1965,Ica,STONE,'aʔnɨ,1057,c
1966,Da,STONE,ɨgina,1057,c
1967,Chi,STONE,kɾe:kakwi,1058,
1968,Mu,STONE,hɨka,1057,c
1969,Tun,STONE,a'ka,1057,c
1970,Ba,STONE,ã:,1057,c
1971,LS,LEG,pos,1059,a
1972,LH,LEG,kila,1060,
1973,Ca,LEG,sulm,1061,
1974,Su,LEG,barahmak,1062,b
1975,Ul,LEG,kalba,1063,
1976,Mi,LEG,kuhma,1064,
1977,Pa,LEG,kapù:k,1065,
1978,Ra,LEG,tukwa,1066,c
1979,Gua,LEG,ɬo:ki ko:ɾa,1067,
1980,Bor,LEG,bùsíx,1059,a
1981,Bri,LEG,kaɺʊ́ kitʃà,1068,ch
1982,Cab,LEG,kaɺʊ́ kitʃà,1068,ch
1983,Te,LEG,kuóɾbò,1069,
1984,Mo,LEG,ŋɯɾe,1070,
1985,Boc,LEG,seɾagda,1071,d
1986,Dor,LEG,séɾgala,1071,d
1987,Cu,LEG,naimali,1072,
1988,Co,LEG,kala,1062,b
1989,Ica,LEG,kánë,1062,b
1990,Da,LEG,kɨna,1062,b
1991,Chi,LEG,dukkwa,1066,c
1992,Mu,LEG,ɣoka,1073,
1993,Tun,LEG,kus'kaɾa,1074,
1994,Ba,LEG,binĩ,1075,
1995,LS,FLEA,tem,1076,a
1996,LH,FLEA,tem,1076,a
1997,Ca,FLEA,ru,1077,
1998,Su,FLEA,u:bak,1078,b
1999,Ul,FLEA,u:bak,1078,b
2000,Mi,FLEA,kũa,1078,b
2001,Pa,FLEA,ù:,1078,b
2002,Ra,FLEA,kuŋ,1078,b
2003,Gua,FLEA,ku:,1078,b
2004,Bor,FLEA,kuá,1078,b
2005,Bri,FLEA,kṹ,1078,b
2006,Cab,FLEA,kṹ,1078,b
2007,Te,FLEA,kʰṹŋ,1078,b
2008,Mo,FLEA,kɯ̃,1078,b
2009,Boc,FLEA,kũ,1078,b
2010,Dor,FLEA,kũ,1078,b
2011,Cu,FLEA,ku:,1078,b
2012,Co,FLEA,ku'i,1078,b
2013,Ica,FLEA,ku,1078,b
2014,Da,FLEA,sanze,1079,
2015,Chi,FLEA,ku:,1078,b
2016,Mu,FLEA,kue,1078,b
2017,Tun,FLEA,'kuɾia,1078,b
2018,Ba,FLEA,ku,1078,b
2019,LS,FEATHER,ʃumah,1080,a
2020,LH,FEATHER,suk,1080,a
2021,Ca,FEATHER,diju,1081,
2022,Su,FEATHER,butu,1082,b
2023,Ul,FEATHER,butu,1082,b
2024,Mi,FEATHER,taja,1083,
2025,Pa,FEATHER,ṹs,1084,
2026,Ra,FEATHER,a:bak,1085,
2027,Gua,FEATHER,i:ɬa,1086,
2028,Bor,FEATHER,ká,1087,c
2029,Bri,FEATHER,kʊ́,1087,c
2030,Cab,FEATHER,kʊ́,1087,c
2031,Te,FEATHER,zók,1088,
2032,Mo,FEATHER,kɔ,1087,c
2033,Boc,FEATHER,ga,1087,c
2034,Dor,FEATHER,shũl,1080,a
2035,Cu,FEATHER,apsala,1089,d
2036,Co,FEATHER,gala,1089,d
2037,Ica,FEATHER,'kwi,1090,
2038,Da,FEATHER,dungɨɾa,1089,d
2039,Chi,FEATHER,ga:,1089,d
2040,Mu,FEATHER,ɣaka,1091,
2041,Tun,FEATHER,ana'ɾa,1089,d
2042,Ba,FEATHER,ãtĩ,1092,
2043,LS,FEW,tʃ'iNkira,1093,a
2044,LH,FEW,suntia,1094,
2045,Ca,FEW,dambaja,1095,
2046,Su,FEW,wajaki,1096,b
2047,Ul,FEW,wajakiki,1096,b
2048,Mi,FEW,ria,1097,
2049,Pa,FEW,pò:kmã̀jh,1098,
2050,Ra,FEW,paŋsak baik,1099,
2051,Gua,FEW,epe:me taikɬaka:,1100,
2052,Bor,FEW,dòdʒéŋ,1101,
2053,Bri,FEW,uã̂uã̂d,1102,c
2054,Cab,FEW,hũã́hũã́dã̀ɺà,1102,c
2055,Te,FEW,tíɾàksò,1093,a
2056,Mo,FEW,bɾaibe,1103,
2057,Boc,FEW,bedre,1104,
2058,Dor,FEW,hebbil,1105,
2059,Cu,FEW,itʃekwa,1106,
2060,Co,FEW,nauan'gaba,1107,
2061,Ica,FEW,in'gɨ,1108,
2062,Da,FEW,'ungwɨzi,1102,c
2063,Chi,FEW,di:saʔaʔsu,1109,
2064,Mu,FEW,hitʲɨkɨ,1110,
2065,Tun,FEW,'konua,1111,
2066,Ba,FEW,kobakkani.,1112,
2067,LS,WHAT,kas,1113,a
2068,LH,WHAT,kari,1113,a
2069,Ca,WHAT,pi,1114,
2070,Su,WHAT,di,1115,b
2071,Ul,WHAT,di,1115,b
2072,Mi,WHAT,dia,1115,b
2073,Pa,WHAT,ĩ́,1116,c
2074,Ra,WHAT,ja:kal,1116,c
2075,Gua,WHAT,oro:ki,1117,
2076,Bor,WHAT,í,1116,c
2077,Bri,WHAT,í,1116,c
2078,Cab,WHAT,hìdʊ́,1116,c
2079,Te,WHAT,ʒɪ̀,1118,
2080,Mo,WHAT,geɾe,1119,
2081,Boc,WHAT,dʒema,1116,c
2082,Dor,WHAT,ee,1120,
2083,Cu,WHAT,ipi,1116,c
2084,Co,WHAT,hi,1116,c
2085,Ica,WHAT,'inɨ,1116,c
2086,Da,WHAT,ni,1115,b
2087,Chi,WHAT,ki:ɾi,1121,
2088,Mu,WHAT,ipkua,1116,c
2089,Tun,WHAT,'ikuɾ,1116,c
2090,Ba,WHAT,aibi,1122,
2091,LS,LAUGH,jolo,1123,a
2092,LH,LAUGH,jol,1123,a
2093,Ca,LAUGH,isnawa,1124,
2094,Su,LAUGH,aɾa,1125,b
2095,Ul,LAUGH,kawaɾa,1125,b
2096,Mi,LAUGH,kik,1126,
2097,Pa,LAUGH,aɾkõ̀h,1125,b
2098,Ra,LAUGH,kulk,1127,
2099,Gua,LAUGH,oi:,1128,c
2100,Bor,LAUGH,ʃìt,1129,ch
2101,Bri,LAUGH,adʒĩ,1128,c
2102,Cab,LAUGH,hadʒẽ,1128,c
2103,Te,LAUGH,háɾ,1130,
2104,Mo,LAUGH,kɯdɯ,1131,
2105,Boc,LAUGH,gidate,1132,
2106,Dor,LAUGH,"ayig, ahiása",1128,c
2107,Cu,LAUGH,all,1125,b
2108,Co,LAUGH,'ʃimihĩ,1133,d
2109,Ica,LAUGH,'sem,1133,d
2110,Da,LAUGH,ʒiʃim,1133,d
2111,Chi,LAUGH,ha:ɾa,1125,b
2112,Mu,LAUGH,ɣɨua,1134,
2113,Tun,LAUGH,si'si,1129,ch
2114,Ba,LAUGH,an,1125,b
2115,LS,RED,wesaN,1135,
2116,LH,RED,sewla,1136,a
2117,Ca,RED,lala,1137,
2118,Su,RED,pawni,1138,b
2119,Ul,RED,pawka,1138,b
2120,Mi,RED,pawni,1138,b
2121,Pa,RED,pã́wã̀,1138,b
2122,Ra,RED,sa:la,1136,a
2123,Gua,RED,kata:ɬiŋ iŋa:,1139,
2124,Bor,RED,dɾùbát,1140,
2125,Bri,RED,bã̌tk,1141,
2126,Cab,RED,batsɪ́,1142,
2127,Te,RED,sɾɪ̀ɾɪ́n,1143,
2128,Mo,RED,tãĩ,1144,
2129,Boc,RED,dabeɾe,1145,
2130,Dor,RED,kol,1146,
2131,Cu,RED,kinnitti,1147,
2132,Co,RED,atsuʃi,1148,
2133,Ica,RED,ziʔ,1149,c
2134,Da,RED,ɨnzisi,1149,c
2135,Chi,RED,kɾo:,1150,
2136,Mu,RED,hiiso,1151,
2137,Tun,RED,bu'wajɾo,1152,
2138,Ba,RED,tukdaɲou,1153,
2139,LS,CLOTHES,lamtara,1154,
2140,LH,CLOTHES,loronina,1155,
2141,Ca,CLOTHES,siwa,1156,a
2142,Su,CLOTHES,asna,1157,b
2143,Ul,CLOTHES,asna,1157,b
2144,Mi,CLOTHES,kwala,1158,
2145,Pa,CLOTHES,tùnùk,1159,
2146,Ra,CLOTHES,kalma,1160,
2147,Gua,CLOTHES,tio:ka,1161,
2148,Bor,CLOTHES,kúʔʃì,1162,
2149,Bri,CLOTHES,datsǐʔ,1163,c
2150,Cab,CLOTHES,datsí,1163,c
2151,Te,CLOTHES,ʃuóŋ,1156,a
2152,Mo,CLOTHES,dɔ̃,1164,
2153,Boc,CLOTHES,ɲometɾa,1165,
2154,Dor,CLOTHES,ákubi,1166,
2155,Cu,CLOTHES,mola,1167,
2156,Co,CLOTHES,ʒaku'a,1168,
2157,Ica,CLOTHES,mákë,1169,ch
2158,Da,CLOTHES,mɨkɨ 'sala,1169,ch
2159,Chi,CLOTHES,'gwaʔŋaʔ,1170,
2160,Mu,CLOTHES,βoi,1171,
2161,Tun,CLOTHES,'oja,1172,
2162,Ba,CLOTHES,duksa,1173,
2163,LS,KNOW,ti,1174,a
2164,LH,KNOW,tis,1174,a
2165,Ca,KNOW,bi,1175,
2166,Su,KNOW,daka,1176,
2167,Ul,KNOW,kaŋla:wa,1177,
2168,Mi,KNOW,nu,1178,
2169,Pa,KNOW,àɾíɾ,1179,
2170,Ra,KNOW,ŋwa,1180,b
2171,Gua,KNOW,uɾa:xe,1180,b
2172,Bor,KNOW,uí,1181,c
2173,Bri,KNOW,uxtʃẽ,1181,c
2174,Cab,KNOW,hudʒẽ,1181,c
2175,Te,KNOW,hmídɪ̀,1181,c
2176,Mo,KNOW,gaɾe,1182,
2177,Boc,KNOW,uɲe,1181,c
2178,Dor,KNOW,,1183,
2179,Cu,KNOW,wisi,1181,c
2180,Co,KNOW,akʃihi,1184,
2181,Ica,KNOW,a'gənkw,1185,ch
2182,Da,KNOW,agönihku,1185,ch
2183,Chi,KNOW,wi,1181,c
2184,Mu,KNOW,mukan,1186,
2185,Tun,KNOW,is'ti,1187,
2186,Ba,KNOW,ka:ma.,1188,
2187,LS,SALT,ts'epe,1189,a
2188,LH,SALT,sepe,1189,a
2189,Ca,SALT,jabulu,1190,
2190,Su,SALT,kuma,1191,b
2191,Ul,SALT,kuma,1191,b
2192,Mi,SALT,sal,1192,
2193,Pa,SALT,tàkè,1193,c
2194,Ra,SALT,tauli,1194,ch
2195,Gua,SALT,ti: karu:,1195,
2196,Bor,SALT,kí,1196,
2197,Bri,SALT,dadʒɪ́,1193,c
2198,Cab,SALT,dadʒɪ̀,1193,c
2199,Te,SALT,dɺúŋ,1197,
2200,Mo,SALT,mɾẽ,1198,d
2201,Boc,SALT,tʃo,1194,ch
2202,Dor,SALT,báli,1198,d
2203,Cu,SALT,palu,1198,d
2204,Co,SALT,naku,1193,c
2205,Ica,SALT,'nəggwɨ,1193,c
2206,Da,SALT,nɨngu,1193,c
2207,Chi,SALT,'no:ʔmarinda,1194,ch
2208,Mu,SALT,nɨgua,1193,c
2209,Tun,SALT,'ɾauwa,1193,c
2210,Ba,SALT,sabi,1189,a
2211,LS,BLOOD,ala,1199,a
2212,LH,BLOOD,wek,1200,
2213,Ca,BLOOD,aru,1199,a
2214,Su,BLOOD,a:,1199,a
2215,Ul,BLOOD,a:was,1199,a
2216,Mi,BLOOD,tala,1201,
2217,Pa,BLOOD,ù:ɾì,1202,
2218,Ra,BLOOD,aiɾbi:,1203,b
2219,Gua,BLOOD,li:,1204,
2220,Bor,BLOOD,dʒìbí,1203,b
2221,Bri,BLOOD,apɪ̂,1203,b
2222,Cab,BLOOD,pí,1203,b
2223,Te,BLOOD,sɾɪ́ŋ,1205,
2224,Mo,BLOOD,dɔɾi,1206,
2225,Boc,BLOOD,be,1203,b
2226,Dor,BLOOD,havé,1203,b
2227,Cu,BLOOD,ape,1203,b
2228,Co,BLOOD,'abi,1203,b
2229,Ica,BLOOD,dʒwa,1207,
2230,Da,BLOOD,ɨma,1203,b
2231,Chi,BLOOD,'eŋŋaʔ,1208,
2232,Mu,BLOOD,ba,1203,b
2233,Tun,BLOOD,'aba,1203,b
2234,Ba,BLOOD,a:bi,1203,b
2235,LS,DRY,tina,1209,a
2236,LH,DRY,sawa,1210,b
2237,Ca,DRY,sama,1210,b
2238,Su,DRY,buhni,1211,c
2239,Ul,DRY,buhka,1211,c
2240,Mi,DRY,lawan,1212,
2241,Pa,DRY,a:ɾá:ni,1213,
2242,Ra,DRY,plu:sba,1214,ch
2243,Gua,DRY,tiɬa:xa,1209,a
2244,Bor,DRY,tskènká,1215,
2245,Bri,DRY,pôppǒ,1216,d
2246,Cab,DRY,pó,1216,d
2247,Te,DRY,idógɺo,1217,
2248,Mo,DRY,nɣtaɾe,1209,a
2249,Boc,DRY,ulen,1218,
2250,Dor,DRY,tolótkal,1219,
2251,Cu,DRY,tinna,1209,a
2252,Co,DRY,aluhu'e,1220,
2253,Ica,DRY,'dʒomɨ,1221,
2254,Da,DRY,ʒita,1209,a
2255,Chi,DRY,bɾo:nta,1214,ch
2256,Mu,DRY,βutʲua,1214,ch
2257,Tun,DRY,buɾa'buɾa,1214,ch
2258,Ba,DRY,bunũnĩ,1214,ch
2259,LS,SNAKE,amap,1222,
2260,LH,SNAKE,salala,1223,a
2261,Ca,SNAKE,jara,1224,
2262,Su,SNAKE,bil,1225,
2263,Ul,SNAKE,di:muih,1226,
2264,Mi,SNAKE,pjẽta,1227,
2265,Pa,SNAKE,ìs,1228,
2266,Ra,SNAKE,a:lbut,1229,
2267,Gua,SNAKE,ɬala:ki,1223,a
2268,Bor,SNAKE,tèbèk,1230,b
2269,Bri,SNAKE,tkabɪ́,1230,b
2270,Cab,SNAKE,tkabɪ̀,1230,b
2271,Te,SNAKE,bugúɾ,1231,
2272,Mo,SNAKE,itʃa,1232,
2273,Boc,SNAKE,hoɾisi,1233,
2274,Dor,SNAKE,buli,1234,
2275,Cu,SNAKE,nakpe,1230,b
2276,Co,SNAKE,'tagbi,1230,b
2277,Ica,SNAKE,gwi'omɨ,1235,c
2278,Da,SNAKE,guma,1235,c
2279,Chi,SNAKE,'mannuʔ,1236,ch
2280,Mu,SNAKE,mɨso,1236,ch
2281,Ba,SNAKE,tidu,1237,
2282,Tun,SNAKE,kumoɾo'a,1238,
2283,LS,SUN,jaʃa,1239,
2284,LH,SUN,kasi,1240,a
2285,Ca,SUN,lan,1241,
2286,Su,SUN,ma,1242,b
2287,Ul,SUN,ma,1242,b
2288,Mi,SUN,ju,1243,
2289,Pa,SUN,ã̀:,1240,a
2290,Ra,SUN,alka,1244,
2291,Gua,SUN,to:xi,1245,c
2292,Bor,SUN,kàk,1240,a
2293,Bri,SUN,díuʊ̀,1246,ch
2294,Cab,SUN,kã́uʊ́,1240,a
2295,Te,SUN,dɺò,1247,
2296,Mo,SUN,ɲɔnɔ,1248,
2297,Boc,SUN,tʃwi,1245,c
2298,Dor,SUN,kerél,1249,
2299,Cu,SUN,tata,1250,d
2300,Co,SUN,'niui,1245,c
2301,Ica,SUN,dʒwi,1245,c
2302,Da,SUN,'dʒui,1245,c
2303,Chi,SUN,'diŋŋaʔ,1246,ch
2304,Mu,SUN,sua,1245,c
2305,Tun,SUN,'raʔsa,1250,d
2306,Ba,SUN,nia:,1246,ch
2307,LS,BREAST,ts'ukiN,1251,a
2308,LH,BREAST,palaN,1252,
2309,Ca,BREAST,sum,1251,a
2310,Su,BREAST,ta,1253,b
2311,Ul,BREAST,ta,1253,b
2312,Mi,BREAST,tjalka,1253,b
2313,Pa,BREAST,tútú,1251,a
2314,Ra,BREAST,ka:ŋali:,1254,c
2315,Gua,BREAST,ko:ɾi,1254,c
2316,Bor,BREAST,kàʔ,1254,c
2317,Bri,BREAST,tsǔʔ,1251,a
2318,Cab,BREAST,tsú,1251,a
2319,Te,BREAST,nókuò,1255,ch
2320,Mo,BREAST,kẽã,1256,
2321,Boc,BREAST,tusú,1251,a
2322,Dor,BREAST,nõ,1255,ch
2323,Cu,BREAST,nu:,1251,a
2324,Co,BREAST,su'mi,1251,a
2325,Ica,BREAST,tu,1251,a
2326,Da,BREAST,'tudu,1251,a
2327,Chi,BREAST,ka:ʔ,1254,c
2328,Mu,BREAST,tʲue,1251,a
2329,Tun,BREAST,su'ta,1251,a
2330,Ba,BREAST,tu,1251,a
2331,LS,EARTH (SOIL),omoN,1257,
2332,LH,EARTH (SOIL),lum,1258,a
2333,Ca,EARTH (SOIL),duru,1258,a
2334,Su,EARTH (SOIL),saw,1259,b
2335,Ul,EARTH (SOIL),saw,1259,b
2336,Mi,EARTH (SOIL),tasba,1260,c
2337,Pa,EARTH (SOIL),kúk,1261,
2338,Ra,EARTH (SOIL),taki,1262,
2339,Gua,EARTH (SOIL),laka:,1263,
2340,Bor,EARTH (SOIL),táb,1260,c
2341,Bri,EARTH (SOIL),ídʒʊ̀k,1264,ch
2342,Cab,EARTH (SOIL),hĩʃkʊ́,1264,ch
2343,Te,EARTH (SOIL),kɺúŋ,1265,
2344,Mo,EARTH (SOIL),dɔbrɔ,1260,c
2345,Boc,EARTH (SOIL),dbi,1260,c
2346,Dor,EARTH (SOIL),íri,1266,
2347,Cu,EARTH (SOIL),nappa,1260,c
2348,Co,EARTH (SOIL),'kagi,1267,d
2349,Ica,EARTH (SOIL),'kaʔa,1267,d
2350,Da,EARTH (SOIL),kɨngɨma,1267,d
2351,Chi,EARTH (SOIL),'itti,1268,
2352,Mu,EARTH (SOIL),histʲa,1269,e
2353,Tun,EARTH (SOIL),'kahka,1267,d
2354,Ba,EARTH (SOIL),istã,1269,e
2355,LS,THREE,lawa,1270,a
2356,LH,THREE,lawa,1270,a
2357,Ca,THREE,watba,1271,
2358,Su,THREE,bas,1272,b
2359,Ul,THREE,bas,1272,b
2360,Mi,THREE,jumhpa,1273,
2361,Pa,THREE,mã́jh,1272,b
2362,Ra,THREE,paŋsak,1272,b
2363,Gua,THREE,poi:kiri:,1272,b
2364,Bor,THREE,máŋ,1272,b
2365,Bri,THREE,badʒã,1272,b
2366,Cab,THREE,badʒã,1272,b
2367,Te,THREE,miá,1272,b
2368,Mo,THREE,mɔ,1272,b
2369,Boc,THREE,mai,1272,b
2370,Dor,THREE,mas,1272,b
2371,Cu,THREE,pa:,1272,b
2372,Co,THREE,'maigua,1272,b
2373,Ica,THREE,'maikənɨ,1272,b
2374,Da,THREE,maigwa,1272,b
2375,Chi,THREE,ma:hna,1272,b
2376,Mu,THREE,mika,1272,b
2377,Tun,THREE,'baja,1272,b
2378,Ba,THREE,miktentɨkou,1274,
2379,LS,GUTS,maNʃuli,1275,a
2380,LH,GUTS,maNsuliN,1275,a
2381,Ca,GUTS,jusilin,1276,
2382,Su,GUTS,ba,1275,a
2383,Ul,GUTS,ba,1275,a
2384,Mi,GUTS,bjara,1275,a
2385,Pa,GUTS,áʔsábɾìs,1277,
2386,Ra,GUTS,uɾmut sukŋuaŋ,1278,
2387,Gua,GUTS,ko: ki:ra,1279,
2388,Bor,GUTS,ʃuàʔ,1280,
2389,Bri,GUTS,dʒã̂ stsè,1281,
2390,Cab,GUTS,dʒã́ batʃiɺí,1282,
2391,Te,GUTS,ʒàkógɺo,1283,
2392,Mo,GUTS,ŋɔ̃gɾɔ,1284,b
2393,Boc,GUTS,hẽgɾa,1284,b
2394,Dor,GUTS,koɾegol,1285,
2395,Cu,GUTS,saki,1286,
2396,Co,GUTS,ganukʃiʒa,1287,
2397,Ica,GUTS,ga'siɾo,1288,c
2398,Da,GUTS,gaʒina,1289,
2399,Chi,GUTS,'kutti 'kwe:ɾiniʔ,1290,
2400,Mu,GUTS,tsimsua,1291,
2401,Tun,GUTS,buk'ʃiɾa,1292,
2402,Ba,GUTS,a:si,1288,c
2403,LS,THOU,manani,1293,a
2404,LH,THOU,amnan,1293,a
2405,Ca,THOU,mani,1293,a
2406,Su,THOU,man,1293,a
2407,Ul,THOU,man,1293,a
2408,Mi,THOU,man,1293,a
2409,Pa,THOU,pa,1293,a
2410,Ra,THOU,ma:,1293,a
2411,Gua,THOU,po:,1293,a
2412,Bor,THOU,bá,1293,a
2413,Bri,THOU,běʔ,1293,a
2414,Cab,THOU,bá,1293,a
2415,Te,THOU,ɸà,1293,a
2416,Mo,THOU,mɔ,1293,a
2417,Boc,THOU,ba,1293,a
2418,Dor,THOU,bá,1293,a
2419,Cu,THOU,pe,1293,a
2420,Co,THOU,ma,1293,a
2421,Ica,THOU,ma,1293,a
2422,Da,THOU,ma,1293,a
2423,Chi,THOU,'amma,1294,
2424,Mu,THOU,mɨe,1293,a
2425,Tun,THOU,'baʔa,1293,a
2426,Ba,THOU,bai,1293,a
2427,LS,ONE,pis,1295,a
2428,LH,ONE,eta,1296,b
2429,Ca,ONE,bas,1295,a
2430,Su,ONE,as,1297,c
2431,Ul,ONE,as,1297,c
2432,Mi,ONE,kumi,1298,
2433,Pa,ONE,ás,1297,c
2434,Ra,ONE,saimiŋ,1299,
2435,Gua,ONE,ana:katʃuma:,1300,
2436,Bor,ONE,éʔtsi,1296,b
2437,Bri,ONE,e,1296,b
2438,Cab,ONE,é,1296,b
2439,Te,ONE,ɾa,1301,
2440,Mo,ONE,ti,1302,ch
2441,Boc,ONE,ite,1302,ch
2442,Dor,ONE,e,1296,b
2443,Cu,ONE,kwenna,1303,
2444,Co,ONE,'ezua,1296,b
2445,Ica,ONE,'inʔgwi,1304,d
2446,Da,ONE,ingwi,1304,d
2447,Chi,ONE,te,1302,ch
2448,Mu,ONE,ata,1296,b
2449,Tun,ONE,'ubistia,1305,
2450,Ba,ONE,ĩtou.,1306,
2451,LS,YOU,kinani,1307,
2452,LH,YOU,ajnan,1308,
2453,Ca,YOU,maniwalhi,1309,
2454,Su,YOU,manna,1310,a
2455,Ul,YOU,manna,1310,a
2456,Mi,YOU,manani,1310,a
2457,Pa,YOU,pahwa,1311,
2458,Ra,YOU,mulut,1312,b
2459,Gua,YOU,po: maɾa:ma,1313,c
2460,Bor,YOU,biʔ ɾóxk,1314,ch
2461,Bri,YOU,ǎʔ,1315,
2462,Cab,YOU,bás,1316,
2463,Te,YOU,ɸãĩ,1317,
2464,Mo,YOU,mũ,1312,b
2465,Boc,YOU,bádre,1318,
2466,Dor,YOU,,1319,
2467,Cu,YOU,pemala,1313,c
2468,Co,YOU,main,1320,
2469,Ica,YOU,'miwi,1314,ch
2470,Da,YOU,mawindina,1321,
2471,Chi,YOU,'ammaɾaʔ,1322,
2472,Mu,YOU,mie,1314,ch
2473,Tun,YOU,'ba,1323,
2474,Ba,YOU,biɲi,1314,ch
2475,LS,COME,po,1324,a
2476,LH,COME,pu,1324,a
2477,Ca,COME,ajra,1325,b
2478,Su,COME,ajwa,1325,b
2479,Ul,COME,ajwa,1325,b
2480,Mi,COME,bal,1324,a
2481,Pa,COME,tèʔk,1326,c
2482,Ra,COME,si:k,1326,c
2483,Gua,COME,toki:,1327,ch
2484,Bor,COME,dàbàk,1328,
2485,Bri,COME,dɪ,1326,c
2486,Cab,COME,de,1326,c
2487,Te,COME,ték,1329,
2488,Mo,COME,kite,1330,
2489,Boc,COME,tʃige,1326,c
2490,Dor,COME,berik,1331,
2491,Cu,COME,take,1327,ch
2492,Co,COME,'naʃ,1327,ch
2493,Ica,COME,'nak,1327,ch
2494,Da,COME,nak,1327,ch
2495,At,COME,,1332,
2496,Chi,COME,hatta,1333,
2497,Mu,COME,nɨ,1327,ch
2498,Tun,COME,'beki,1334,
2499,Ba,COME,abãi,1335,
2500,LS,SEE,yot,1336,
2501,LH,SEE,is,1337,a
2502,Ca,SEE,la,1338,
2503,Su,SEE,tal,1339,b
2504,Ul,SEE,tal,1339,b
2505,Mi,SEE,kajk,1340,
2506,Pa,SEE,ʃã̀ʔ,1341,
2507,Ra,SEE,suŋ,1342,c
2508,Gua,SEE,kua:ki,1343,
2509,Bor,SEE,íʃt,1337,a
2510,Bri,SEE,sũ,1342,c
2511,Cab,SEE,sũ,1342,c
2512,Te,SEE,ĩ́k,1344,
2513,Mo,SEE,tũ,1342,c
2514,Boc,SEE,tiẽ,1345,
2515,Dor,SEE,okosí,1346,
2516,Cu,SEE,takke,1347,
2517,Co,SEE,tũ,1342,c
2518,Ica,SEE,'tʃw,1342,c
2519,Da,SEE,tu'a,1342,c
2520,Chi,SEE,tu:,1342,c
2521,Mu,SEE,ihistɨ,1337,a
2522,Tun,SEE,is'ti,1337,a
2523,Ba,SEE,ma:di,1348,
2524,LS,GREEN,ts'ahjaN,1349,a
2525,LH,GREEN,siga,1350,
2526,Ca,GREEN,sasaka,1349,a
2527,Su,GREEN,saŋni,1349,a
2528,Ul,GREEN,saŋka,1349,a
2529,Mi,GREEN,saŋni,1349,a
2530,Pa,GREEN,sáʔka,1349,a
2531,Ra,GREEN,ŋaɾŋaɾiŋma,1351,
2532,Gua,GREEN,ɬa:ŋa,1349,a
2533,Bor,GREEN,uàʔká,1352,
2534,Bri,GREEN,tsipâsipǎ,1353,
2535,Cab,GREEN,spã́,1354,
2536,Te,GREEN,dìŋdíŋ,1355,
2537,Mo,GREEN,kaɾe,1356,b
2538,Boc,GREEN,leɾeɾe,1357,
2539,Dor,GREEN,yíama,1358,
2540,Cu,GREEN,aɾati,1359,
2541,Co,GREEN,a'taʃi,1360,c
2542,Ica,GREEN,'tʃiki'ɾuɾu,1361,ch
2543,Da,GREEN,'itiki,1361,ch
2544,Chi,GREEN,'ka:ɾasah,1356,b
2545,Mu,GREEN,tʲɨskiko,1349,a
2546,Tun,GREEN,ti'kaja,1361,ch
2547,Ba,GREEN,binaikana,1362,
2548,LS,OLD,koko,1363,
2549,LH,OLD,tahoi,1364,
2550,Ca,OLD,uskam,1365,
2551,Su,OLD,umani,1366,a
2552,Ul,OLD,umana,1366,a
2553,Mi,OLD,almuk,1367,
2554,Pa,OLD,ámã̀ʔ,1368,
2555,Ra,OLD,juwa,1369,
2556,Gua,OLD,saxa:saxa:,1370,
2557,Bor,OLD,ùɾàŋká,1371,b
2558,Bri,OLD,akɪ́tʃkè,1372,c
2559,Cab,OLD,kɪ̂dʒakè,1372,c
2560,Te,OLD,kɪ̀:gɪ́,1372,c
2561,Mo,OLD,ũbɾe,1366,a
2562,Boc,OLD,huda,1371,b
2563,Dor,OLD,taré,1373,
2564,Cu,OLD,seɾeti,1374,
2565,Co,OLD,tuma,1375,
2566,Ica,OLD,a'tʃənna,1376,ch
2567,Da,OLD,ɨttɨna,1376,ch
2568,Chi,OLD,pe:naɾi,1377,
2569,Mu,OLD,saka,1378,
2570,Tun,OLD,'kumatɾo,1379,
2571,Ba,OLD,sakdou,1380,
2572,LS,WIND,uʃeka,1381,
2573,LH,WIND,soror,1382,
2574,Ca,WIND,win,1383,a
2575,Su,WIND,win,1383,a
2576,Ul,WIND,win,1383,a
2577,Mi,WIND,pasa,1384,
2578,Pa,WIND,ṹpìʃ,1385,
2579,Ra,WIND,pulkat,1386,b
2580,Gua,WIND,pu:ɾa,1386,b
2581,Bor,WIND,ʃùŋ,1387,c
2582,Bri,WIND,siuaã̌ʔ,1387,c
2583,Cab,WIND,siuã́,1387,c
2584,Te,WIND,ɸɺúk,1386,b
2585,Mo,WIND,muɾie,1386,b
2586,Boc,WIND,mlie,1386,b
2587,Dor,WIND,ʃatú,1388,
2588,Cu,WIND,purwa,1386,b
2589,Co,WIND,mul'kala,1386,b
2590,Ica,WIND,'buntikənɨ,1386,b
2591,Da,WIND,buɾta,1386,b
2592,Chi,WIND,ke:dʒaʔ,1389,
2593,Mu,WIND,βiβa,1390,
2594,Tun,WIND,'seɾoa,1391,
2595,Ba,WIND,saba,1392,
2596,LS,STOMACH,k'omo,1393,a
2597,LH,STOMACH,maNkera,1394,b
2598,Ca,STOMACH,kawam,1393,a
2599,Su,STOMACH,ba,1394,b
2600,Ul,STOMACH,ba,1394,b
2601,Mi,STOMACH,bjara,1394,b
2602,Pa,STOMACH,já,1395,
2603,Ra,STOMACH,uɾmut,1396,
2604,Gua,STOMACH,ŋo:ki,1397,
2605,Bor,STOMACH,kúà,1393,a
2606,Bri,STOMACH,dʒã̂uì,1398,
2607,Cab,STOMACH,dʒã́hkù,1399,
2608,Te,STOMACH,bʊ̀uó,1400,
2609,Mo,STOMACH,bule,1401,
2610,Boc,STOMACH,bdísuli,1402,
2611,Dor,STOMACH,korigú,1403,
2612,Cu,STOMACH,sapana,1404,
2613,Co,STOMACH,'ʒiʒa,1405,
2614,Ica,STOMACH,'zunkənɨ,1406,
2615,Da,STOMACH,tɨmɨkɨna,1407,
2616,Chi,STOMACH,ke:ɾu,1408,
2617,Mu,STOMACH,ie,1409,
2618,Tun,STOMACH,'jiɾa,1410,
2619,Ba,STOMACH,i:si,1411,
2620,LS,I,unani,1412,a
2621,LH,I,unan,1412,a
2622,Ca,I,jami,1413,b
2623,Su,I,jaŋ,1413,b
2624,Ul,I,jaŋ,1413,b
2625,Mi,I,jaŋ,1413,b
2626,Pa,I,tas,1414,c
2627,Ra,I,na:s,1414,c
2628,Gua,I,ton,1414,c
2629,Bor,I,át,1415,ch
2630,Bri,I,dʒěʔ,1414,c
2631,Cab,I,dʒís,1414,c
2632,Te,I,tʰà,1416,
2633,Mo,I,ti,1417,
2634,Boc,I,tʃa,1414,c
2635,Dor,I,kura,1418,
2636,Cu,I,ani,1415,ch
2637,Co,I,nas,1414,c
2638,Ica,I,nən,1414,c
2639,Da,I,ɾa,1414,c
2640,Chi,I,na:ɾi,1414,c
2641,Mu,I,hɨtʲa,1415,ch
2642,Tun,I,'asa,1415,ch
2643,Ba,I,nãĩ,1414,c
