ID,Language,Concept,Form
1,LS,WATER,wal
2,LH,WATER,was
3,Ca,WATER,li
4,Su,WATER,was
5,Ul,WATER,was
6,Mi,WATER,li
7,Pa,WATER,àsò
8,Ra,WATER,si:
9,Gua,WATER,ti:
10,Bor,WATER,díʔ
11,Bri,WATER,dǐʔ
12,Cab,WATER,díkɺʊ́
13,Te,WATER,dí
14,Mo,WATER,ɲɤ
15,Bor,WATER,tʃi
16,Dor,WATER,yi
17,Cu,WATER,ti:
18,Co,WATER,ni
19,Ica,WATER,dʒe
20,Da,WATER,'dʒiɾa
21,Chi,WATER,ditake:
22,Mu,WATER,sie
23,Tun,WATER,'riʔa
24,Ba,WATER,sĩ: mã
25,LS,YELLOW,ku
26,LH,YELLOW,suninga
27,Ca,YELLOW,maju
28,Su,YELLOW,lalahni
29,Ul,YELLOW,lalahka
30,Mi,YELLOW,lalalhni
31,Pa,YELLOW,sè: wa
32,Ra,YELLOW,nuknukŋa
33,Gua,YELLOW,ɬaxa:ɾa ɬutu iŋa
34,Bor,YELLOW,ʃòsát
35,Bri,YELLOW,tsikidǐdǐ
36,Cab,YELLOW,tsikidí
37,Te,YELLOW,ʃòinóɾ
38,Mo,YELLOW,sɯbɾɯɾe
39,Bor,YELLOW,moloi
40,Dor,YELLOW,utká
41,Cu,YELLOW,kollokwa
42,Co,YELLOW,kaʃiku'ama
43,Ica,YELLOW,'tʃəmmi
44,Da,YELLOW,kɨʃkwama
45,Chi,YELLOW,tʃoŋgɾagwattu
46,Mu,YELLOW,tɨβan
47,Tun,YELLOW,ta'w̃aja
48,Ba,YELLOW,kanikã: siũkdu
49,LS,FASTEN,waɾ
50,LH,FASTEN,kup
51,Ca,FASTEN,wiri
52,Su,FASTEN,sit
53,Ul,FASTEN,sit
54,Mi,FASTEN,wilk
55,Pa,FASTEN,tìk
56,Ra,FASTEN,aŋais
57,Gua,FASTEN,kera:
58,Bor,FASTEN,íŋ
59,Bri,FASTEN,bõ
60,Cab,FASTEN,bõ
61,Te,FASTEN,ɸɺík
62,Mo,FASTEN,mɔgete
63,Bor,FASTEN,kagã
64,Dor,FASTEN,bui
65,Cu,FASTEN,etinne
66,Co,FASTEN,akalihi
67,Ica,FASTEN,'aʔdʒ
68,Da,FASTEN,ɾinʒii
69,Chi,FASTEN,sikke
70,Mu,FASTEN,kamɨ
71,Tun,FASTEN,ke'ta
72,Ba,FASTEN,ju
73,LS,TREE,suN
74,LH,TREE,ili
75,Ca,TREE,man
76,Su,TREE,pan
77,Ul,TREE,pan
78,Mi,TREE,dus
79,Pa,TREE,pã̀jh
80,Ra,TREE,ka:t
81,Gua,TREE,ko:ɾa
82,Bor,TREE,kɾáŋ
83,Bri,TREE,káɺ
84,Cab,TREE,kaɺ
85,Te,TREE,kʰɔ́
86,Mo,TREE,kɾi
87,Bor,TREE,gli
88,Dor,TREE,kalkála
89,Cu,TREE,sappi
90,Co,TREE,'kali
91,Ica,TREE,kən
92,Da,TREE,kɨn
93,Chi,TREE,ka:
94,Mu,TREE,kɨe
95,Tun,TREE,'kaɾukwa
96,Ba,TREE,kã:
97,LS,SAND,miʃea
98,LH,SAND,toko
99,Ca,SAND,kui
100,Su,SAND,kauhmak
101,Ul,SAND,ka:uhmak
102,Mi,SAND,ahuja
103,Pa,SAND,úʔù
104,Ra,SAND,unta:s
105,Gua,SAND,uɬi:xa
106,Bor,SAND,ùb
107,Bri,SAND,stsã̌ʔ
108,Cab,SAND,tsã́
109,Te,SAND,ɺa
110,Mo,SAND,ɯma
111,Bor,SAND,uba
112,Dor,SAND,hálgu
113,Cu,SAND,ukkuppa
114,Co,SAND,'ui
115,Ica,SAND,'uzu
116,Da,SAND,unʒu
117,Chi,SAND,saʔssaɾi
118,Mu,SAND,ɣuantsa
119,Tun,SAND,'umita
120,Ba,SAND,ũda
121,LS,BIRD,ts'imts'im
122,LH,BIRD,siɾa
123,Ca,BIRD,wasiri
124,Su,BIRD,uhbin
125,Ul,BIRD,di: baka
126,Mi,BIRD,pjãwiɾa
127,Pa,BIRD,kwàs
128,Ra,BIRD,sinsak
129,Gua,BIRD,ŋiskaka:
130,Bor,BIRD,dù
131,Bri,BIRD,dú
132,Cab,BIRD,dù
133,Te,BIRD,sínũã̀
134,Mo,BIRD,nukwɔ
135,Bor,BIRD,bdada
136,Dor,BIRD,dul
137,Cu,BIRD,sikkwi
138,Co,BIRD,nu'ba
139,Ica,BIRD,si'sio
140,Da,BIRD,suɾi
141,Chi,BIRD,ki:tikkwi
142,Mu,BIRD,sue
143,Tun,BIRD,ɾu'wasiɾa
144,Ba,BIRD,daníkbi
145,LS,DANCE,uli
146,LH,DANCE,ul
147,Ca,DANCE,jaukan
148,Su,DANCE,ubu
149,Ul,DANCE,aba:
150,Mi,DANCE,dans pul
151,Pa,DANCE,wiʔ
152,Ra,DANCE,katapaik
153,Gua,DANCE,ɬi:la
154,Bor,DANCE,kuìk
155,Bri,DANCE,kaɺʊ́tɪ
156,Cab,DANCE,kaɺʊ́tɪ
157,Te,DANCE,tʰàŋnióŋ
158,Mo,DANCE,bradʒe
159,Bor,DANCE,gwie
160,Dor,DANCE,kúyi
161,Cu,DANCE,kuile
162,Co,DANCE,kuiz
163,Ica,DANCE,kué
164,Da,DANCE,ku'i
165,Chi,DANCE,kuiahné
166,Mu,DANCE,tsahana
167,Tun,DANCE,ki'ni
168,Ba,DANCE,asi
169,LS,DRINK,tali
170,LH,DRINK,tal
171,Ca,DRINK,dipa
172,Su,DRINK,di
173,Ul,DRINK,di
174,Mi,DRINK,di
175,Pa,DRINK,tòk
176,Ra,DRINK,ŋw
177,Gua,DRINK,tʃa:
178,Bor,DRINK,dʒáŋ
179,Bri,DRINK,dʒa
180,Cab,DRINK,dʒɪ
181,Te,DRINK,iɪ́
182,Mo,DRINK,ɲã
183,Bor,DRINK,hai
184,Dor,DRINK,bot
185,Cu,DRINK,kope
186,Co,DRINK,'tuʃi
187,Ica,DRINK,aʔg
188,Da,DRINK,anga
189,Chi,DRINK,uk
190,Mu,DRINK,iohotɨ
191,Tun,DRINK,'jaʔa
192,Ba,DRINK,a:ksa
193,LS,WHITE,ʃoko
194,LH,WHITE,soko
195,Ca,WHITE,sahu
196,Su,WHITE,pihni
197,Ul,WHITE,pihka
198,Mi,WHITE,pihni
199,Pa,WHITE,kàbísás
200,Ra,WHITE,plu:ma
201,Gua,WHITE,ʝaki: pala: iŋa:
202,Bor,WHITE,suát
203,Bri,WHITE,sadǔdǔ
204,Cab,WHITE,sadúù
205,Te,WHITE,ɸɺùɾún
206,Mo,WHITE,ŋweɲe
207,Bor,WHITE,hutɾe
208,Dor,WHITE,bokkála
209,Cu,WHITE,sippu
210,Co,WHITE,a'butʃi
211,Ica,WHITE,'bunsi kawa
212,Da,WHITE,ambɨnʃi
213,Chi,WHITE,so:motu:
214,Mu,WHITE,pkɨhɨsio
215,Tun,WHITE,kwa'sajɾo
216,Ba,WHITE,batti
217,LS,MOUTH,ints'ats'a
218,LH,MOUTH,in
219,Ca,MOUTH,tawa
220,Su,MOUTH,tapas
221,Ul,MOUTH,tapas
222,Mi,MOUTH,bila
223,Pa,MOUTH,sà:pà
224,Ra,MOUTH,kaka:
225,Gua,MOUTH,koki:
226,Bor,MOUTH,kásà
227,Bri,MOUTH,axkʊ́
228,Cab,MOUTH,hkʊ́
229,Te,MOUTH,kʰámo
230,Mo,MOUTH,kada
231,Bor,MOUTH,ka
232,Dor,MOUTH,kaga
233,Cu,MOUTH,kakka
234,Co,MOUTH,'kaka
235,Ica,MOUTH,kəkka
236,Da,MOUTH,kə'ka
237,Chi,MOUTH,kakkwa
238,Mu,MOUTH,kɨhɨka
239,Tun,MOUTH,'kahka
240,Ba,MOUTH,kaksiu:
241,LS,FOREST,kotaN
242,LH,FOREST,kotan
243,Ca,FOREST,jura
244,Su,FOREST,asaŋpas
245,Ul,FOREST,asaŋpas
246,Mi,FOREST,unta
247,Pa,FOREST,wàhà
248,Ra,FOREST,sulaik
249,Gua,FOREST,tuɾu:
250,Bor,FOREST,dʒàbáʔtʃìk
251,Bri,FOREST,káɺdʒʊ̀k
252,Cab,FOREST,kàɺdʒakà
253,Te,FOREST,ɸʊ́
254,Mo,FOREST,kɔtuguɔ
255,Bor,FOREST,glínaŋa
256,Dor,FOREST,kalkalgó
257,Cu,FOREST,sappuɾu
258,Co,FOREST,kal'kala
259,Ica,FOREST,'kənkəni
260,Da,FOREST,kɨnkɨna
261,Chi,FOREST,ɾuhŋa
262,Mu,FOREST,kɨe
263,Tun,FOREST,'bowaɾa
264,Ba,FOREST,kaikbé
265,LS,GOOD,ʃam
266,LH,GOOD,sa
267,Ca,GOOD,kua
268,Su,GOOD,jamni
269,Ul,GOOD,jamka
270,Mi,GOOD,jamni
271,Pa,GOOD,ã́jjã̀
272,Ra,GOOD,mali:ma
273,Gua,GOOD,maɾa:la:ɸaɾiŋa:
274,Bor,GOOD,mòɾéŋ
275,Bri,GOOD,buǎʔ
276,Cab,GOOD,bʊ́ɪ
277,Te,GOOD,kʰóbe
278,Mo,GOOD,kɔ̃ɪ̃
279,Bor,GOOD,no
280,Dor,GOOD,apé
281,Cu,GOOD,nueti
282,Co,GOOD,hantʃi'dʒe
283,Ica,GOOD,du kawa
284,Da,GOOD,ʒi'koka
285,Chi,GOOD,be: ŋatte
286,Mu,GOOD,tʲo
287,Tun,GOOD,'aj
288,Ba,GOOD,sabãĩnĩ
289,LS,HAIR,alah
290,LH,HAIR,asa
291,Ca,HAIR,kili
292,Su,HAIR,bas
293,Ul,HAIR,bas
294,Mi,HAIR,tãwa
295,Pa,HAIR,ṹs
296,Ra,HAIR,uli:s
297,Gua,HAIR,i:ɬa
298,Bor,HAIR,ʃíxtkà
299,Bri,HAIR,tsã́
300,Cab,HAIR,tsã́kṹ kʊ
301,Te,HAIR,kóŋzò
302,Mo,HAIR,dokwɔdɾɯ
303,Bor,HAIR,tʃugaga
304,Dor,HAIR,ogá
305,Cu,HAIR,saila
306,Co,HAIR,'sãĩ
307,Ica,HAIR,'sagənɨ
308,Da,HAIR,ʃa
309,Chi,HAIR,'a
310,Mu,HAIR,tsɨe
311,Tun,HAIR,ana'ɾa
312,Ba,HAIR,kã:tũ
313,LS,HEAD,oso
314,LH,HEAD,tɾoh
315,Ca,HEAD,wara
316,Su,HEAD,tun
317,Ul,HEAD,tun
318,Mi,HEAD,lal
319,Pa,HEAD,sã́
320,Ra,HEAD,ki:ŋ
321,Gua,HEAD,tʃa:
322,Bor,HEAD,sàgɾá
323,Bri,HEAD,uʊ̂kìd
324,Cab,HEAD,tsã́kṹ
325,Te,HEAD,kógo
326,Mo,HEAD,dokwɔ
327,Bor,HEAD,tʃuga
328,Dor,HEAD,dukú
329,Cu,HEAD,nono
330,Co,HEAD,'sankala
331,Ica,HEAD,sa'kuku
332,Da,HEAD,ʃa'munku
333,Chi,HEAD,ha:kɾa
334,Mu,HEAD,tsɨskɨ
335,Tun,HEAD,'kwisa
336,Ba,HEAD,sa:
337,LS,TUMBLE (FALL DOWN),pit
338,LH,TUMBLE (FALL DOWN),kaɾau
339,Ca,TUMBLE (FALL DOWN),winwa'jam
340,Su,TUMBLE (FALL DOWN),buk
341,Ul,TUMBLE (FALL DOWN),wauhda
342,Mi,TUMBLE (FALL DOWN),kahw
343,Pa,TUMBLE (FALL DOWN),ã̀h
344,Ra,TUMBLE (FALL DOWN),kaiɾk
345,Gua,TUMBLE (FALL DOWN),mini:
346,Bor,TUMBLE (FALL DOWN),trùʔ
347,Bri,TUMBLE (FALL DOWN),ã́d
348,Cab,TUMBLE (FALL DOWN),hã́d
349,Te,TUMBLE (FALL DOWN),bɪgɪ́
350,Mo,TUMBLE (FALL DOWN),nɤtɤ
351,Bor,TUMBLE (FALL DOWN),hãɪ̃́
352,Dor,TUMBLE (FALL DOWN),dudiglá
353,Cu,TUMBLE (FALL DOWN),aɾkwanne
354,Co,TUMBLE (FALL DOWN),'pen
355,Ica,TUMBLE (FALL DOWN),'waʔn
356,Da,TUMBLE (FALL DOWN),ʃeʒ
357,Chi,TUMBLE (FALL DOWN),'kutti
358,Mu,TUMBLE (FALL DOWN),ma
359,Tun,TUMBLE (FALL DOWN),tih'kan
360,Ba,TUMBLE (FALL DOWN),sinakai
361,LS,HOT OR WARM,aʃa
362,LH,HOT OR WARM,siwa
363,Ca,HOT OR WARM,dindinka
364,Su,HOT OR WARM,dajni
365,Ul,HOT OR WARM,dajhka
366,Mi,HOT OR WARM,lapta
367,Pa,HOT OR WARM,patàʔok
368,Ra,HOT OR WARM,tuku:ba
369,Gua,HOT OR WARM,toke:ʝa
370,Bor,HOT OR WARM,dʒìká
371,Bri,HOT OR WARM,bâbbǎ
372,Cab,HOT OR WARM,buɪ́
373,Te,HOT OR WARM,kʰɺík
374,Mo,HOT OR WARM,ŋiɾe
375,Bor,HOT OR WARM,hute
376,Dor,HOT OR WARM,ubi
377,Cu,HOT OR WARM,ueti
378,Co,HOT OR WARM,'uanuakse
379,Ica,HOT OR WARM,'wiwi kawa
380,Da,HOT OR WARM,wianʒɨnga
381,Chi,HOT OR WARM,we:
382,Mu,HOT OR WARM,tʲiptupkwa
383,Tun,HOT OR WARM,kih'kitɾo
384,Ba,HOT OR WARM,asã́a
385,LS,WALK,o
386,LH,WALK,u
387,Ca,WALK,diu
388,Su,WALK,lapak
389,Ul,WALK,wa:tda
390,Mi,WALK,wap
391,Pa,WALK,téʃ
392,Ra,WALK,ta:k
393,Gua,WALK,ɸa:ki
394,Bor,WALK,dèk
395,Bri,WALK,ʃka
396,Cab,WALK,ʃkɪ
397,Te,WALK,hɪ́k
398,Mo,WALK,nɔ̃
399,Bor,WALK,tʃage
400,Dor,WALK,duɾi'ɾi:
401,Cu,WALK,nanae
402,Co,WALK,'nai
403,Ica,WALK,'naʒ
404,Da,WALK,naj
405,Chi,WALK,dʒuʔu
406,Mu,WALK,nɨn
407,Tun,WALK,'benɾo
408,Ba,WALK,ta:kta:k
409,LS,PATH,k'in
410,LH,PATH,kin
411,Ca,PATH,lap
412,Su,PATH,ta:
413,Ul,PATH,ta:
414,Mi,PATH,jabal
415,Pa,PATH,ta:h
416,Ra,PATH,ŋunŋun
417,Gua,PATH,ʝu:
418,Bor,PATH,néŋ
419,Bri,PATH,dʒaɺã́
420,Cab,PATH,dʒaɺã̀
421,Te,PATH,i᷅ɾbóbòŋ
422,Mo,PATH,hi
423,Bor,PATH,ho
424,Dor,PATH,ʃi'ta
425,Cu,PATH,ikala
426,Co,PATH,'hiũgula
427,Ica,PATH,'ingwənɨ
428,Da,PATH,inguna
429,Chi,PATH,hi:
430,Mu,PATH,ie
431,Tun,PATH,'ibita
432,Ba,PATH,sikɨ
433,LS,SING,ihwa
434,LH,SING,ikwa
435,Ca,SING,bu
436,Su,SING,umbau
437,Ul,SING,unbau
438,Mi,SING,ajwan
439,Pa,SING,èjèʃ
440,Ra,SING,a:kis
441,Gua,SING,poɾe:te
442,Bor,SING,tàbádʒèŋ
443,Bri,SING,stsɪ
444,Cab,SING,ksɪ
445,Te,SING,tɪ́
446,Mo,SING,ka
447,Bor,SING,mo gate
448,Dor,SING,kayi
449,Cu,SING,namakke
450,Co,SING,'mai
451,Ica,SING,za'maʒ
452,Da,SING,ʒamai
453,Chi,SING,kitta
454,Mu,SING,tɨ
455,Tun,SING,'ta
456,Ba,SING,tiba:
457,LS,MEAT,waʃa
458,LH,MEAT,rak
459,Ca,MEAT,nakat
460,Su,MEAT,di muihni
461,Ul,MEAT,di muihka
462,Mi,MEAT,wina
463,Pa,MEAT,jùku
464,Ra,MEAT,kas
465,Gua,MEAT,ɬiki:
466,Bor,MEAT,ùɾáŋ
467,Bri,MEAT,tʃká
468,Cab,MEAT,dʒaka
469,Te,MEAT,ʃò
470,Mo,MEAT,ŋɔtɔ
471,Bor,MEAT,udá
472,Dor,MEAT,síá
473,Cu,MEAT,sana
474,Co,MEAT,'gata
475,Ica,MEAT,'gətʃɨ
476,Da,MEAT,gɨ'ta
477,Chi,MEAT,eŋŋatta
478,Mu,MEAT,tʲihika
479,Tun,MEAT,'ɾuwa
480,Ba,MEAT,aidi.
481,LS,ASH,pilil
482,LH,ASH,pokko
483,Ca,ASH,wabu
484,Su,ASH,wan
485,Ul,ASH,kauh
486,Mi,ASH,jamhpus
487,Pa,ASH,tokó
488,Ra,ASH,pluŋ
489,Gua,ASH,puɾu:
490,Bor,ASH,bɾùŋ
491,Bri,ASH,buɺṹ
492,Cab,ASH,buɺi᷅tú
493,Te,ASH,ɸɺúŋ
494,Mo,ASH,ŋɯbɾɯ
495,Bor,ASH,mnu
496,Dor,ASH,bulku
497,Cu,ASH,puɾu
498,Co,ASH,'muli
499,Ica,ASH,'bunzəga
500,Da,ASH,bɨn
501,Chi,ASH,'buhŋaʔ
502,Mu,ASH,βuskɨ
503,Tun,ASH,'buɾa
504,Ba,ASH,ibũdɪ̃
505,LS,FIVE,ts'aj
506,LH,FIVE,saj
507,Ca,FIVE,dukan panaka
508,Su,FIVE,sinka
509,Ul,FIVE,sinka
510,Mi,FIVE,matsip
511,Pa,FIVE,ṍki
512,Ra,FIVE,kwikistaɾ
513,Gua,FIVE,otiŋ
514,Bor,FIVE,ʃìskáŋ
515,Bri,FIVE,skẽ
516,Cab,FIVE,skẽ
517,Te,FIVE,ʃkíŋ
518,Mo,FIVE,ɾike
519,Bor,FIVE,tiga
520,Dor,FIVE,male
521,Cu,FIVE,attale
522,Co,FIVE,ha'tʃigua
523,Ica,FIVE,a'sewa
524,Da,FIVE,əhtʃigua
525,Chi,FIVE,dʒe:mekenta
526,Mu,FIVE,hɨtska
527,Tun,FIVE,e'sia
528,Ba,FIVE,koba
529,LS,TAIL,ts'oh
530,LH,TAIL,wan
531,Ca,TAIL,kuna
532,Su,TAIL,mamah
533,Ul,TAIL,umah
534,Mi,TAIL,wajka
535,Pa,TAIL,pàɾ
536,Ra,TAIL,tuk
537,Gua,TAIL,tuki:
538,Bor,TAIL,kuàntsá
539,Bri,TAIL,baɺḗk
540,Cab,TAIL,baɺḗk
541,Te,TAIL,ɸɺàk
542,Mo,TAIL,kɯbaɾa
543,Bor,TAIL,skugda
544,Dor,TAIL,dug
545,Cu,TAIL,punnu
546,Co,TAIL,'nugi
547,Ica,TAIL,'dʒoʔo
548,Da,TAIL,duʃkɨna
549,Chi,TAIL,bukɾa
550,Mu,TAIL,suhuka
551,Tun,TAIL,ɾusta'ɾa
552,Ba,TAIL,anikku
553,LS,EAT,rom
554,LH,EAT,koɾ
555,Ca,EAT,duri
556,Su,EAT,kas
557,Ul,EAT,kas
558,Mi,EAT,pi
559,Pa,EAT,ã̀ʔ
560,Ra,EAT,altuŋwa
561,Gua,EAT,laki:
562,Bor,EAT,túʔ
563,Bri,EAT,tʃka
564,Cab,EAT,dʒakɪ
565,Te,EAT,ií
566,Mo,EAT,mɾɣɾe
567,Bor,EAT,bliɾe
568,Dor,EAT,kut
569,Cu,EAT,kunne
570,Co,EAT,'za
571,Ica,EAT,'z
572,Da,EAT,ʒa
573,Chi,EAT,'kenne
574,Mu,EAT,so
575,Tun,EAT,ja'jin
576,Ba,EAT,san
577,LS,WITH,teN
578,LH,WITH,man
579,Ca,WITH,tiwa
580,Su,WITH,karak
581,Ul,WITH,karak
582,Mi,WITH,wal
583,Pa,WITH,jó
584,Ra,WITH,u
585,Gua,WITH,ʝu
586,Bor,WITH,màŋ
587,Bri,WITH,tã̀
588,Cab,WITH,dà
589,Te,WITH,tʰó
590,Mo,WITH,be
591,Bor,WITH,ole
592,Dor,WITH,ba
593,Cu,WITH,pa
594,Co,WITH,na
595,Ica,WITH,sin
596,Da,WITH,nɨn
597,Chi,WITH,ah
598,Mu,WITH,βohotsa
599,Tun,WITH,ʃor
600,Ba,WITH,ãhã
601,LS,CUT,t'ih
602,LH,CUT,taj
603,Ca,CUT,kat
604,Su,CUT,dak
605,Ul,CUT,dak
606,Mi,CUT,klak
607,Pa,CUT,tàs
608,Ra,CUT,a: ŋtk
609,Gua,CUT,ɬati:
610,Bor,CUT,tàs
611,Bri,CUT,tɪ
612,Cab,CUT,tɪ
613,Te,CUT,zí
614,Mo,CUT,tikekɔ
615,Bor,CUT,date
616,Dor,CUT,togli
617,Cu,CUT,sikke
618,Co,CUT,'men
619,Ica,CUT,ɾeʔ'beis
620,Da,CUT,koʃ
621,Chi,CUT,'ukkwa
622,Mu,CUT,kɨhɨtɨ
623,Tun,CUT,kwi'ki
624,Ba,CUT,a:kd
625,LS,BARK,ts'ats'a
626,LH,BARK,jos
627,Ca,BARK,kuta
628,Su,BARK,utak
629,Ul,BARK,utak
630,Mi,BARK,taja
631,Pa,BARK,kã́wã̀
632,Ra,BARK,u:k
633,Gua,BARK,leki:
634,Bor,BARK,kuáʔs
635,Bri,BARK,axkuʊ́
636,Cab,BARK,hkuʊ́
637,Te,BARK,kuótà
638,Mo,BARK,kwata
639,Bor,BARK,kwaɾa
640,Dor,BARK,ugá
641,Cu,BARK,ukka
642,Co,BARK,huba
643,Ica,BARK,'zomɨ
644,Da,BARK,ʒoma
645,Chi,BARK,ma:nta
646,Mu,BARK,huka
647,Tun,BARK,u'ma
648,Ba,BARK,aɨksu
649,LS,FOUR,sa
650,LH,FOUR,aɾia
651,Ca,FOUR,butaru
652,Su,FOUR,arunka
653,Ul,FOUR,arunka
654,Mi,FOUR,walhwal
655,Pa,FOUR,kàh
656,Ra,FOUR,kunkunbi
657,Gua,FOUR,pake:kiri:
658,Bor,FOUR,báxkàŋ
659,Bri,FOUR,tkɪ
660,Cab,FOUR,tki
661,Te,FOUR,bkíŋ
662,Mo,FOUR,bɔkɔ
663,Bor,FOUR,baga
664,Dor,FOUR,paka
665,Cu,FOUR,pakke
666,Co,FOUR,ma'keua
667,Ica,FOUR,maʔ'keiwa
668,Da,FOUR,makegwa
669,Chi,FOUR,bridʒeʔe
670,Mu,FOUR,mɨhɨka
671,Tun,FOUR,ba'kaja
672,Ba,FOUR,asanikdãɪ̃
673,LS,NECK,t'aNt'aN
674,LH,NECK,sala
675,Ca,NECK,tsaw
676,Su,NECK,dimak
677,Ul,NECK,ma:mak
678,Mi,NECK,nana
679,Pa,NECK,táwásã́
680,Ra,NECK,ki:ŋkat
681,Gua,NECK,ko:lo
682,Bor,NECK,ìŋsá
683,Bri,NECK,kuɺǐʔ
684,Cab,NECK,kulí
685,Te,NECK,bɪ̀ŋdó
686,Mo,NECK,ɾɔɾɔ
687,Bor,NECK,siɾoska
688,Dor,NECK,polé
689,Cu,NECK,tukkarwala
690,Co,NECK,'gagla
691,Ica,NECK,'gaʔnɨ
692,Da,NECK,'gana
693,Chi,NECK,'ɾuggwaʔ
694,Mu,NECK,gɨ
695,Tun,NECK,'jaʔnkukaɾa
696,Ba,NECK,bo:
697,LS,GIVE,mik
698,LH,GIVE,jaɾ
699,Ca,GIVE,a
700,Su,GIVE,a:
701,Ul,GIVE,a:
702,Mi,GIVE,k
703,Pa,GIVE,ã̀h
704,Ra,GIVE,taŋ
705,Gua,GIVE,ta:
706,Bor,GIVE,dóʔ
707,Bri,GIVE,abẽ
708,Cab,GIVE,bẽ
709,Te,GIVE,sɪ́ŋ
710,Mo,GIVE,bĩ
711,Bor,GIVE,kete
712,Dor,GIVE,do
713,Cu,GIVE,ukke
714,Co,GIVE,a'kau
715,Ica,GIVE,aʔ'wes
716,Da,GIVE,akau
717,Chi,GIVE,seʔdʒdʒaʔ
718,Mu,GIVE,nɨ
719,Tun,GIVE,'wik
720,Ba,GIVE,ina
721,LS,SAY,aj
722,LH,SAY,aj
723,Ca,SAY,na
724,Su,SAY,at
725,Ul,SAY,at
726,Mi,SAY,wi
727,Pa,SAY,tìʔ
728,Ra,SAY,auŋ
729,Gua,SAY,ki:
730,Bor,SAY,dʒuàk
731,Bri,SAY,dʒɪ
732,Cab,SAY,dʒɪ
733,Te,SAY,ɺí
734,Mo,SAY,ŋeɾe
735,Bor,SAY,dgwenedu
736,Dor,SAY,
737,Cu,SAY,soke
738,Co,SAY,'guaʃ
739,Ica,SAY,gwak
740,Da,SAY,gwaʃ
741,Chi,SAY,dʒakk
742,Mu,SAY,gu
743,Tun,SAY,wa'ki
744,Ba,SAY,ib
745,LS,TOOTH,neh
746,LH,TOOTH,nek
747,Ca,TOOTH,nini
748,Su,TOOTH,ana
749,Ul,TOOTH,ana
750,Mi,TOOTH,napa
751,Pa,TOOTH,kĩ́ʔ
752,Ra,TOOTH,si:k
753,Gua,TOOTH,oka:
754,Bor,TOOTH,síʔ
755,Bri,TOOTH,aká
756,Cab,TOOTH,kà
757,Te,TOOTH,kòuó
758,Mo,TOOTH,tu
759,Bor,TOOTH,dau
760,Dor,TOOTH,su
761,Cu,TOOTH,nukala
762,Co,TOOTH,hu'ala
763,Ica,TOOTH,'kəkkɨ
764,Da,TOOTH,kɨ'kka
765,Chi,TOOTH,di:
766,Mu,TOOTH,sika
767,Tun,TOOTH,'ɾuʔɾa
768,Ba,TOOTH,nunu:
769,LS,SLEEP,pa
770,LH,SLEEP,saɾ
771,Ca,SLEEP,jabuna
772,Su,SLEEP,kami
773,Ul,SLEEP,ama
774,Mi,SLEEP,jap
775,Pa,SLEEP,ók
776,Ra,SLEEP,kami
777,Gua,SLEEP,tʃu:xi
778,Bor,SLEEP,kàb
779,Bri,SLEEP,kapɪ
780,Cab,SLEEP,kapɪ
781,Te,SLEEP,pɪ́
782,Mo,SLEEP,kimɪ̃
783,Bor,SLEEP,gbe
784,Dor,SLEEP,kabi
785,Cu,SLEEP,kape
786,Co,SLEEP,ka'ba
787,Ica,SLEEP,'kəmm
788,Da,SLEEP,kɨũ
789,Chi,SLEEP,sa:ɾa
790,Mu,SLEEP,kɨβɨ
791,Tun,SLEEP,'kami
792,Ba,SLEEP,kab
793,LS,TWO,pe
794,LH,TWO,pe
795,Ca,TWO,buru
796,Su,TWO,bu
797,Ul,TWO,bu
798,Mi,TWO,wal
799,Pa,TWO,pók
800,Ra,TWO,puksak
801,Gua,TWO,pauŋka
802,Bor,TWO,búʔk
803,Bri,TWO,bʊ
804,Cab,TWO,bo
805,Te,TWO,bʊ́
806,Mo,TWO,bu
807,Bor,TWO,boke
808,Dor,TWO,mo
809,Cu,TWO,po:
810,Co,TWO,'mauʒua
811,Ica,TWO,'mouga
812,Da,TWO,mowa
813,Chi,TWO,buhna
814,Mu,TWO,bo
815,Tun,TWO,bu'kaja
816,Ba,TWO,ĩsãmĩ
817,LS,HE,inani
818,LH,HE,inan
819,Ca,HE,'karahi
820,Su,HE,witiŋ
821,Ul,HE,alas
822,Mi,HE,witin
823,Pa,HE,èkà
824,Ra,HE,jaiŋ
825,Gua,HE,ni:
826,Bor,HE,ì
827,Bri,HE,iěʔ
828,Cab,HE,hié
829,Te,HE,è
830,Mo,HE,niaɾa
831,Bor,HE,ama
832,Dor,HE,kúi
833,Cu,HE,itti
834,Co,HE,'ale
835,Ica,HE,a
836,Da,HE,na
837,Chi,HE,noggwe
838,Mu,HE,asɨ
839,Tun,HE,'eja
840,Ba,HE,obãĩ́
841,LS,AT,k'ati
842,LH,AT,ap
843,Ca,AT,m
844,Su,AT,kat
845,Ul,AT,kat
846,Mi,AT,ɾa
847,Pa,AT,jã́
848,Ra,AT,ka
849,Gua,AT,ko
850,Bor,AT,kà
851,Bri,AT,iã̀
852,Cab,AT,skà
853,Te,AT,ʃkò
854,Mo,AT,te
855,Bor,AT,ske
856,Dor,AT,ga
857,Cu,AT,ki
858,Co,AT,ka
859,Ica,AT,ekɨ
860,Da,AT,ka
861,Chi,AT,la
862,Mu,AT,na
863,Tun,AT,kwi'taɾa
864,Ba,AT,aki
865,LS,THIS,inaga
866,LH,THIS,na
867,Ca,THIS,irahi
868,Su,THIS,a:dika
869,Ul,THIS,a:ka
870,Mi,THIS,nãhã
871,Pa,THIS,ĩ́
872,Ra,THIS,niŋ
873,Gua,THIS,ni:
874,Bor,THIS,uéʔ
875,Bri,THIS,ɪ̌ʔ
876,Cab,THIS,hí
877,Te,THIS,hũ
878,Mo,THIS,ne
879,Bor,THIS,ai
880,Dor,THIS,
881,Cu,THIS,we
882,Co,THIS,'hale
883,Ica,THIS,'ema
884,Da,THIS,ima
885,Chi,THIS,naʔna
886,Mu,THIS,sisɨ
887,Tun,THIS,'uʃa
888,Ba,THIS,inabãi
889,LS,FLOWER,ʃila
890,LH,FLOWER,suna
891,Ca,FLOWER,bas
892,Su,FLOWER,pulu
893,Ul,FLOWER,pulu
894,Mi,FLOWER,taŋni
895,Pa,FLOWER,ãwhá
896,Ra,FLOWER,uɾuk
897,Gua,FLOWER,ɬu:tu
898,Bor,FLOWER,sɾùt
899,Bri,FLOWER,duká
900,Cab,FLOWER,uʊ́dkuà
901,Te,FLOWER,kʰólòŋ
902,Mo,FLOWER,blɯ
903,Bor,FLOWER,hɾa
904,Dor,FLOWER,shii
905,Cu,FLOWER,tuttu
906,Co,FLOWER,'humʃi
907,Ica,FLOWER,tin'sana
908,Da,FLOWER,ʃoma
909,Chi,FLOWER,'kusaŋgɾa
910,Mu,FLOWER,uβa
911,Tun,FLOWER,'suwa
912,Ba,FLOWER,sũdũ
913,LS,COLD,ts'ana
914,LH,COLD,miti
915,Ca,COLD,tusni
916,Su,COLD,saŋni
917,Ul,COLD,ripka
918,Mi,COLD,kahula
919,Pa,COLD,sã̀jwá
920,Ra,COLD,saima
921,Gua,COLD,tʃitʃi:xa
922,Bor,COLD,sèxká
923,Bri,COLD,sẽ̂ssẽ̌
924,Cab,COLD,tsḗ
925,Te,COLD,séntè
926,Mo,COLD,tibo
927,Bor,COLD,skeke
928,Dor,COLD,saiga
929,Cu,COLD,tiopikwa
930,Co,COLD,ʃu'izala
931,Ica,COLD,kɨ kawa
932,Da,COLD,se
933,Chi,COLD,sa:hnihka:
934,Mu,COLD,nɨko
935,Tun,COLD,'seroa
936,Ba,COLD,te:
937,LS,FIRE,ik'aN
938,LH,FIRE,juka
939,Ca,FIRE,lawali
940,Su,FIRE,kuh
941,Ul,FIRE,kuh
942,Mi,FIRE,pawta
943,Pa,FIRE,tã̀jwã́
944,Ra,FIRE,abuŋ
945,Gua,FIRE,kue:
946,Bor,FIRE,dʒìkɾá
947,Bri,FIRE,bʊ̌uʊ̀
948,Cab,FIRE,dʒʊkʊ́
949,Te,FIRE,iʊ̀k
950,Mo,FIRE,ɲukwɔ
951,Bor,FIRE,hita
952,Dor,FIRE,kebú
953,Cu,FIRE,so:
954,Co,FIRE,gauk'sei
955,Ica,FIRE,gei
956,Da,FIRE,gie
957,Chi,FIRE,pɾi:mu
958,Mu,FIRE,ɣata
959,Tun,FIRE,'oka
960,Ba,FIRE,kane
961,LS,HIT,maʃ
962,LH,HIT,imas
963,Ca,HIT,du
964,Su,HIT,bau
965,Ul,HIT,bau
966,Mi,HIT,pruk
967,Pa,HIT,màs
968,Ra,HIT,kaŋ
969,Gua,HIT,koro:
970,Bor,HIT,báxt
971,Bri,HIT,tɪ
972,Cab,HIT,tɪ
973,Te,HIT,ʃpók
974,Mo,HIT,met
975,Bor,HIT,bate
976,Dor,HIT,
977,Cu,HIT,saɾsoke
978,Co,HIT,'muʃ
979,Ica,HIT,agu'pəss
980,Da,HIT,'paʃ
981,Chi,HIT,ha: sagɾi
982,Mu,HIT,ɣɨi
983,Tun,HIT,bu'ki
984,Ba,HIT,da
985,LS,BIG,puka
986,LH,BIG,puki
987,Ca,BIG,bajaka
988,Su,BIG,nuhni
989,Ul,BIG,sikka
990,Mi,BIG,ta:ɾa
991,Pa,BIG,àʔká
992,Ra,BIG,ta:ɾa
993,Gua,BIG,ni:kaŋe:
994,Bor,BIG,kɾíʔ
995,Bri,BIG,bɪ̌diè
996,Cab,BIG,tã́ĩ́
997,Te,BIG,kɪ́s
998,Mo,BIG,kɾi
999,Bor,BIG,kweɾi
1000,Dor,BIG,óci
1001,Cu,BIG,tumma
1002,Co,BIG,a'tema
1003,Ica,BIG,a'wənʔ kawa
1004,Da,BIG,aiku'ia
1005,Chi,BIG,ku'e:ɾi'tuʔ
1006,Mu,BIG,kuhuma
1007,Tun,BIG,'kumakɾo
1008,Ba,BIG,ba
1009,LS,WORM,ts'its'a
1010,LH,WORM,suɾu
1011,Ca,WORM,bil
1012,Su,WORM,ba:bil
1013,Ul,WORM,bil
1014,Mi,WORM,liwa
1015,Pa,WORM,wíʔ
1016,Ra,WORM,bi:ɾu
1017,Gua,WORM,kara:ki
1018,Bor,WORM,dʒíŋ
1019,Bri,WORM,ɪ̃̂
1020,Cab,WORM,hĩ́
1021,Te,WORM,ʃtó
1022,Mo,WORM,ŋĩ
1023,Bor,WORM,gwi
1024,Dor,WORM,kisi
1025,Cu,WORM,nusu
1026,Co,WORM,ʒi
1027,Ica,WORM,zi
1028,Da,WORM,di
1029,Chi,WORM,'bɾuuʔ
1030,Mu,WORM,tsina
1031,Tun,WORM,ɾim'ja
1032,Ba,WORM,iʃanaba
1033,LS,TALK,ʃakini
1034,LH,TALK,mol
1035,Ca,TALK,piswa
1036,Su,TALK,jul
1037,Ul,TALK,julbau
1038,Mi,TALK,ajs
1039,Pa,TALK,kapáʃ
1040,Ra,TALK,baltiŋ
1041,Gua,TALK,ɬai:ki
1042,Bor,TALK,tèk
1043,Bri,TALK,ut
1044,Cab,TALK,utɪ
1045,Te,TALK,thẽɺẽ́
1046,Mo,TALK,blit
1047,Bor,TALK,geɾule
1048,Dor,TALK,set
1049,Cu,TALK,sunmakke
1050,Co,TALK,'neʃ
1051,Ica,TALK,asei
1052,Da,TALK,ashé
1053,Chi,TALK,ta:ɾaŋ
1054,Mu,TALK,kuβu
1055,Tun,TALK,te'w̃inɾo
1056,Ba,TALK,ana
1057,LS,SISTER,peleh
1058,LH,SISTER,pela
1059,Ca,SISTER,tʃa
1060,Su,SISTER,ami
1061,Ul,SISTER,ami:
1062,Mi,SISTER,lakra
1063,Pa,SISTER,pàʔʃà
1064,Ra,SISTER,sa:suk
1065,Gua,SISTER,ɬaka:tʃuma:
1066,Bor,SISTER,suíʔ
1067,Bri,SISTER,kutá
1068,Cab,SISTER,kutà
1069,Te,SISTER,dóɾ
1070,Mo,SISTER,ŋuãĩ
1071,Bor,SISTER,da'baia
1072,Dor,SISTER,bek
1073,Cu,SISTER,puna
1074,Co,SISTER,'nu
1075,Ica,SISTER,'zati
1076,Da,SISTER,'asi
1077,Chi,SISTER,dʒe:
1078,Mu,SISTER,ɣuahatsa
1079,Tun,SISTER,ʃi'ta
1080,Ba,SISTER,sí
1081,LS,LIVER,muts'u
1082,LH,LIVER,musu
1083,Ca,LIVER,kawa
1084,Su,LIVER,isiŋ
1085,Ul,LIVER,asuŋ
1086,Mi,LIVER,awja
1087,Pa,LIVER,hɾá
1088,Ra,LIVER,psa
1089,Gua,LIVER,kua:ki
1090,Bor,LIVER,kóʔk
1091,Bri,LIVER,ẽ̂d
1092,Cab,LIVER,hẽ̂d
1093,Te,LIVER,uò
1094,Mo,LIVER,mɔtɔ
1095,Bor,LIVER,takwa
1096,Dor,LIVER,hókoa
1097,Cu,LIVER,pi:na
1098,Co,LIVER,a'bita
1099,Ica,LIVER,'higəɾu
1100,Da,LIVER,anʒbita
1101,Chi,LIVER,'ka:wiʔ
1102,Mu,LIVER,tɨhɨβa
1103,Tun,LIVER,'tanuba
1104,Ba,LIVER,a:bĩba
1105,LS,LEAF,aw
1106,LH,LEAF,wala
1107,Ca,LEAF,taka
1108,Su,LEAF,bas
1109,Ul,LEAF,bas
1110,Mi,LEAF,waha
1111,Pa,LEAF,á
1112,Ra,LEAF,ka:
1113,Gua,LEAF,au:ki
1114,Bor,LEAF,ká
1115,Bri,LEAF,kʊ́
1116,Cab,LEAF,kʊ́
1117,Te,LEAF,kʰɺógà
1118,Mo,LEAF,kʔ
1119,Bor,LEAF,ga
1120,Dor,LEAF,kaláʔka
1121,Cu,LEAF,ka:
1122,Co,LEAF,kai
1123,Ica,LEAF,'atʃɨ
1124,Da,LEAF,ata
1125,Chi,LEAF,ka:
1126,Mu,LEAF,kɨe
1127,Tun,LEAF,'kaja
1128,Ba,LEAF,ka
1129,LS,MAN,iʃku
1130,LH,MAN,misu
1131,Ca,MAN,misil
1132,Su,MAN,al
1133,Ul,MAN,al
1134,Mi,MAN,wajtna
1135,Pa,MAN,àɾwã́
1136,Ra,MAN,nki:kna
1137,Gua,MAN,otʃa:paka:
1138,Bor,MAN,kóŋróxk
1139,Bri,MAN,uɪ̂b
1140,Cab,MAN,hadʒɪ́uàʔ
1141,Te,MAN,dòbén
1142,Mo,MAN,bɾaɾe
1143,Bor,MAN,blále
1144,Dor,MAN,taro
1145,Cu,MAN,matʃeɾet
1146,Co,MAN,si'gi
1147,Ica,MAN,'tʃeiɾwa
1148,Da,MAN,te'ɾua
1149,Chi,MAN,sa:wiɾi
1150,Mu,MAN,tʲa
1151,Tun,MAN,'seɾa
1152,Ba,MAN,na
1153,LS,BONE,ts'eh
1154,LH,BONE,sek
1155,Ca,BONE,naman
1156,Su,BONE,wakal
1157,Ul,BONE,wakal
1158,Mi,BONE,dusa
1159,Pa,BONE,pájã̀
1160,Ra,BONE,a:luk
1161,Gua,BONE,ko:ɾa
1162,Bor,BONE,dètkɾá
1163,Bri,BONE,ditʃǎʔ
1164,Cab,BONE,tʃitʃʔá
1165,Te,BONE,dobógɺo
1166,Mo,BONE,kɾɔ
1167,Bor,BONE,gda
1168,Dor,BONE,koné
1169,Cu,BONE,kala
1170,Co,BONE,zalakala
1171,Ica,BONE,'wesu
1172,Da,BONE,kɨkɨɾa
1173,Chi,BONE,kɨ:kɾaʔ
1174,Mu,BONE,kɨnɨ
1175,Tun,BONE,'kaɾaɾa
1176,Ba,BONE,kana
1177,LS,SMOKE (EXHAUST),mo
1178,LH,SMOKE (EXHAUST),po:ɾo
1179,Ca,SMOKE (EXHAUST),kiba
1180,Su,SMOKE (EXHAUST),wajau
1181,Ul,SMOKE (EXHAUST),waju
1182,Mi,SMOKE (EXHAUST),kjasma
1183,Pa,SMOKE (EXHAUST),wãs
1184,Ra,SMOKE (EXHAUST),sawa
1185,Gua,SMOKE (EXHAUST),uxu:ma
1186,Bor,SMOKE (EXHAUST),dʒìdʒà
1187,Bri,SMOKE (EXHAUST),ʃkaɺã̂
1188,Cab,SMOKE (EXHAUST),ʃkaɺã́
1189,Te,SMOKE (EXHAUST),ɲó
1190,Mo,SMOKE (EXHAUST),ŋɯbɯ
1191,Bor,SMOKE (EXHAUST),hiã́
1192,Dor,SMOKE (EXHAUST),kébusa
1193,Cu,SMOKE (EXHAUST),wa:
1194,Co,SMOKE (EXHAUST),ihia
1195,Ica,SMOKE (EXHAUST),'zatʃa
1196,Da,SMOKE (EXHAUST),suta
1197,Chi,SMOKE (EXHAUST),'iŋŋaʔ
1198,Mu,SMOKE (EXHAUST),ie
1199,Tun,SMOKE (EXHAUST),'ijaɾa
1200,Ba,SMOKE (EXHAUST),inakba
1201,LS,LONG,kota
1202,LH,LONG,kasi
1203,Ca,LONG,wisnika
1204,Su,LONG,najni
1205,Ul,LONG,juhka
1206,Mi,LONG,jaɾi
1207,Pa,LONG,bà:jkti
1208,Ra,LONG,suma
1209,Gua,LONG,ɬaɾa:tene:
1210,Bor,LONG,biògát
1211,Bri,LONG,bitsĩ̌
1212,Cab,LONG,batsĩ́
1213,Te,LONG,kʰɺòtáɾeŋ
1214,Mo,LONG,ŋa
1215,Bor,LONG,heike
1216,Dor,LONG,kiágal
1217,Cu,LONG,suiti
1218,Co,LONG,'ueĩʒiluka
1219,Ica,LONG,'gaɾi
1220,Da,LONG,ɾiinukka
1221,Chi,LONG,gaɾihŋa:te
1222,Mu,LONG,ɣahasio
1223,Tun,LONG,ena'ɾa
1224,Ba,LONG,akbakɨ
1225,LS,CLEAN,ts'ih
1226,LH,CLEAN,sak
1227,Ca,CLEAN,saka
1228,Su,CLEAN,suh
1229,Ul,CLEAN,suh
1230,Mi,CLEAN,tusk
1231,Pa,CLEAN,súk
1232,Ra,CLEAN,suk
1233,Gua,CLEAN,ɬoki:
1234,Bor,CLEAN,túxk
1235,Bri,CLEAN,suk
1236,Cab,CLEAN,sku
1237,Te,CLEAN,kuóʃkuɪ̀
1238,Mo,CLEAN,bɔtete
1239,Bor,CLEAN,glige
1240,Dor,CLEAN,
1241,Cu,CLEAN,enukke
1242,Co,CLEAN,ihi'ʒihiĩ
1243,Ica,CLEAN,aʔ'tʃukkw
1244,Da,CLEAN,atukw
1245,Chi,CLEAN,'tukkua
1246,Mu,CLEAN,tʲuhu
1247,Tun,CLEAN,su'kwi
1248,Ba,CLEAN,duk
1249,LS,FAR,kota
1250,LH,FAR,kota
1251,Ca,FAR,ataptika
1252,Su,FAR,nai
1253,Ul,FAR,bai
1254,Mi,FAR,lajhura
1255,Pa,FAR,kã:ɾà
1256,Ra,FAR,naɾbik
1257,Gua,FAR,kartau:ni
1258,Bor,FAR,káuìk
1259,Bri,FAR,kã̂bĩ̌
1260,Cab,FAR,kãbĩ̂ĩ̂
1261,Te,FAR,ɸòla
1262,Mo,FAR,mẽte
1263,Bor,FAR,bate
1264,Dor,FAR,héppe
1265,Cu,FAR,panna
1266,Co,FAR,male'zenka
1267,Ica,FAR,'peikɨ
1268,Da,FAR,ma'ɾaʒanekka
1269,Chi,FAR,matta
1270,Mu,FAR,ahuen maɣue
1271,Tun,FAR,bi'ɾa
1272,Ba,FAR,ittikkiɲa
1273,LS,TONGUE,nepal
1274,LH,TONGUE,nepel
1275,Ca,TONGUE,tum
1276,Su,TONGUE,tu
1277,Ul,TONGUE,tu
1278,Mi,TONGUE,twisa
1279,Pa,TONGUE,ùwà
1280,Ra,TONGUE,ku:p
1281,Gua,TONGUE,ku:
1282,Bor,TONGUE,kuátkuà
1283,Bri,TONGUE,kǔʔ
1284,Cab,TONGUE,kú
1285,Te,TONGUE,kʰèɾkuó
1286,Mo,TONGUE,tɯdɾɔ
1287,Bor,TONGUE,kwiɾa
1288,Dor,TONGUE,kuba
1289,Cu,TONGUE,kwapinni
1290,Co,TONGUE,hu'angala
1291,Ica,TONGUE,ko'ɾiʔgənɨ
1292,Da,TONGUE,kongɨɾa
1293,Chi,TONGUE,ku'a:ʔ
1294,Mu,TONGUE,pkua
1295,Tun,TONGUE,'kuwa
1296,Ba,TONGUE,kobẽ:
1297,LS,MOON,lets'a
1298,LH,MOON,mesti
1299,Ca,MOON,ajku
1300,Su,MOON,wajku
1301,Ul,MOON,wajku
1302,Mi,MOON,kãti
1303,Pa,MOON,jwì
1304,Ra,MOON,tukan
1305,Gua,MOON,ɬixi:
1306,Bor,MOON,tèbéx
1307,Bri,MOON,sǐuʊ̀
1308,Cab,MOON,tuɺù
1309,Te,MOON,mók
1310,Mo,MOON,sɣ
1311,Bor,MOON,dai
1312,Dor,MOON,sirila
1313,Cu,MOON,ni:
1314,Co,MOON,'saka
1315,Ica,MOON,'tima
1316,Da,MOON,saga
1317,Chi,MOON,maʔmasu
1318,Mu,MOON,tʲie
1319,Tun,MOON,siʔ'joɾa
1320,Ba,MOON,tiba:
1321,LS,CRY,kaj
1322,LH,CRY,aj
1323,Ca,CRY,walwa
1324,Su,CRY,ajdi
1325,Ul,CRY,ajda
1326,Mi,CRY,in
1327,Pa,CRY,àkàh
1328,Ra,CRY,paun
1329,Gua,CRY,xue:
1330,Bor,CRY,bò
1331,Bri,CRY,iĩ
1332,Cab,CRY,hĩ
1333,Te,CRY,sɾáɾ
1334,Mo,CRY,mui
1335,Bor,CRY,moe
1336,Dor,CRY,bos
1337,Cu,CRY,po
1338,Co,CRY,'mau
1339,Ica,CRY,mau
1340,Da,CRY,áuau
1341,Chi,CRY,'o:ni
1342,Mu,CRY,kon
1343,Tun,CRY,ko'ni
1344,Ba,CRY,kona
1345,LS,MOTHER,laNke
1346,LH,MOTHER,mina
1347,Ca,MOTHER,ami
1348,Su,MOTHER,itaŋ
1349,Ul,MOTHER,itaŋ
1350,Mi,MOTHER,japti
1351,Pa,MOTHER,kákì
1352,Ra,MOTHER,aiɾuŋ
1353,Gua,MOTHER,su:
1354,Bor,MOTHER,bè
1355,Bri,MOTHER,abĩ́
1356,Cab,MOTHER,bĩ́daã̀
1357,Te,MOTHER,mé
1358,Mo,MOTHER,meje
1359,Bor,MOTHER,tʃebi
1360,Dor,MOTHER,toó
1361,Cu,MOTHER,nana
1362,Co,MOTHER,'haba
1363,Ica,MOTHER,'zaku
1364,Da,MOTHER,abu
1365,Chi,MOTHER,ka:hmanta
1366,Mu,MOTHER,ɣuaia
1367,Tun,MOTHER,a'ba
1368,Ba,MOTHER,abama
1369,LS,BAD,ʃamtoa
1370,LH,BAD,kiauɾu
1371,Ca,BAD,jamua
1372,Su,BAD,dutni
1373,Ul,BAD,dutka
1374,Mi,BAD,sawɾa
1375,Pa,BAD,wàɾkwá
1376,Ra,BAD,kwahala
1377,Gua,BAD,eme: koka:ɾiŋa
1378,Bor,BAD,sádʒèŋ
1379,Bri,BAD,suɺǔ
1380,Cab,BAD,saɺuí
1381,Te,BAD,ó
1382,Mo,BAD,kɔme
1383,Bor,BAD,me no
1384,Dor,BAD,irógla
1385,Cu,BAD,itʃakkwakwa
1386,Co,BAD,'ʃane
1387,Ica,BAD,du naʔ neika
1388,Da,BAD,unanduanéka
1389,Chi,BAD,dʒo:ta
1390,Mu,BAD,atʲuentsa
1391,Tun,BAD,aj batɾo
1392,Ba,BAD,atakkasu
1393,LS,HAND,koʃaka
1394,LH,HAND,kulala
1395,Ca,HAND,panam
1396,Su,HAND,tin
1397,Ul,HAND,tin
1398,Mi,HAND,mihta
1399,Pa,HAND,swà
1400,Ra,HAND,kwi:k
1401,Gua,HAND,kuki:
1402,Bor,HAND,dʒùɾéʔ
1403,Bri,HAND,uɺa
1404,Cab,HAND,huɺà
1405,Te,HAND,óɾkuò
1406,Mo,HAND,kise
1407,Bor,HAND,ko
1408,Dor,HAND,kul
1409,Cu,HAND,aɾkan
1410,Co,HAND,'kokala
1411,Ica,HAND,'gunnɨ
1412,Da,HAND,'gula
1413,At,HAND,gúna
1414,Chi,HAND,hattakɾa
1415,Mu,HAND,ɨta
1416,Tun,HAND,'atkaɾa
1417,Ba,HAND,akdu
1418,LS,KILL,ʃil
1419,LH,KILL,kas
1420,Ca,KILL,kulina
1421,Su,KILL,i:
1422,Ul,KILL,i:
1423,Mi,KILL,ik
1424,Pa,KILL,àmàs
1425,Ra,KILL,maliŋ
1426,Gua,KILL,kua:
1427,Bor,KILL,áiʔ
1428,Bri,KILL,kʊt
1429,Cab,KILL,kot
1430,Te,KILL,zɾʊ́k
1431,Mo,KILL,kɔmike
1432,Bor,KILL,gweda
1433,Dor,KILL,
1434,Cu,KILL,opurkwe
1435,Co,KILL,gu'aʃ
1436,Ica,KILL,'gwak
1437,Da,KILL,gwaʒ
1438,Chi,KILL,gwah
1439,Mu,KILL,ɣu
1440,Tun,KILL,ja'uwi
1441,Ba,KILL,so
1442,LS,MOUNTAIN,kotaN
1443,LH,MOUNTAIN,kotaN
1444,Ca,MOUNTAIN,karan
1445,Su,MOUNTAIN,asaŋ
1446,Ul,MOUNTAIN,asaŋ
1447,Mi,MOUNTAIN,asaŋ taɾa
1448,Pa,MOUNTAIN,ʃókà
1449,Ra,MOUNTAIN,ta:sup
1450,Gua,MOUNTAIN,okteki:
1451,Bor,MOUNTAIN,dʒàbáʔtáŋ
1452,Bri,MOUNTAIN,kã̂ batà
1453,Cab,MOUNTAIN,kã́ batà
1454,Te,MOUNTAIN,dɺùb
1455,Mo,MOUNTAIN,ŋutio
1456,Bor,MOUNTAIN,hwitʃuga
1457,Dor,MOUNTAIN,tuú
1458,Cu,MOUNTAIN,jala
1459,Co,MOUNTAIN,ge'ka
1460,Ica,MOUNTAIN,'gwiɾkənɨ
1461,Da,MOUNTAIN,ʃimu'rua
1462,Chi,MOUNTAIN,ittikoŋkɾa
1463,Mu,MOUNTAIN,ɣua
1464,Tun,MOUNTAIN,'kubaɾa
1465,Ba,MOUNTAIN,ɲena
1466,LS,BITE,ti
1467,LH,BITE,kaj
1468,Ca,BITE,api
1469,Su,BITE,kas
1470,Ul,BITE,kas
1471,Mi,BITE,sam
1472,Pa,BITE,sáhkɾàh
1473,Ra,BITE,aɾŋul
1474,Gua,BITE,tʃiu:
1475,Bor,BITE,túʔ
1476,Bri,BITE,kʊ
1477,Cab,BITE,kʊ
1478,Te,BITE,uɪ́
1479,Mo,BITE,kwet
1480,Bor,BITE,gute
1481,Dor,BITE,
1482,Cu,BITE,kunn
1483,Co,BITE,hau'lihiĩ
1484,Ica,BITE,kə'kus
1485,Da,BITE,ʒangaka
1486,Chi,BITE,ɾa:gwa
1487,Mu,BITE,ka
1488,Tun,BITE,'koʔ
1489,Ba,BITE,ko
1490,LS,WOMAN,sija
1491,LH,WOMAN,mop
1492,Ca,WOMAN,juara
1493,Su,WOMAN,jal
1494,Ul,WOMAN,jal
1495,Mi,WOMAN,majrin
1496,Pa,WOMAN,kóɾtà
1497,Ra,WOMAN,kuma:
1498,Gua,WOMAN,kuɾi:xuɾi:
1499,Bor,WOMAN,ɾamɾóxk
1500,Bri,WOMAN,aɺákʊ̀ɺ
1501,Cab,WOMAN,aɺâkɺʊ̀
1502,Te,WOMAN,uàɺɪ́
1503,Mo,WOMAN,meɾi
1504,Bor,WOMAN,mũĩŋa
1505,Dor,WOMAN,biá
1506,Cu,WOMAN,ome
1507,Co,WOMAN,'munʒi
1508,Ica,WOMAN,aʔ'mia
1509,Da,WOMAN,'mena
1510,Chi,WOMAN,dʒuwiɾi
1511,Mu,WOMAN,βuhutʲa
1512,Tun,WOMAN,wi'w̃a
1513,Ba,WOMAN,bio
1514,LS,NOSE,nepkuɾu
1515,LH,NOSE,nepsek
1516,Ca,NOSE,namn
1517,Su,NOSE,nam
1518,Ul,NOSE,nantak
1519,Mi,NOSE,kakma
1520,Pa,NOSE,tã́jsá
1521,Ra,NOSE,taik
1522,Gua,NOSE,tai:ki
1523,Bor,NOSE,ʃìská
1524,Bri,NOSE,dʒɪ̂k
1525,Cab,NOSE,dʒík
1526,Te,NOSE,nékuò
1527,Mo,NOSE,ĩsɔ̃
1528,Bor,NOSE,se
1529,Dor,NOSE,nekó
1530,Cu,NOSE,asu
1531,Co,NOSE,hũ'nũkala
1532,Ica,NOSE,mi'suŋɨ
1533,Da,NOSE,mĩʃu'a
1534,Chi,NOSE,da:
1535,Mu,NOSE,saka
1536,Tun,NOSE,'reʃa
1537,Ba,NOSE,nissa
1538,LS,BLACK,sinka
1539,LH,BLACK,siɾi
1540,Ca,BLACK,mulka
1541,Su,BLACK,sa:ni
1542,Ul,BLACK,baraska
1543,Mi,BLACK,siksa
1544,Pa,BLACK,sã̀wnkwa
1545,Ra,BLACK,paɾŋa
1546,Gua,BLACK,utʃu:li iŋa:
1547,Bor,BLACK,tùɾìnát
1548,Bri,BLACK,daɺǒɺǒ
1549,Cab,BLACK,doɺódã̀
1550,Te,BLACK,sòksĩ́
1551,Mo,BLACK,dɾɯne
1552,Bor,BLACK,heɾe
1553,Dor,BLACK,saná
1554,Cu,BLACK,sitʃi
1555,Co,BLACK,a'baksɯ
1556,Ica,BLACK,twi kawa
1557,Da,BLACK,amɨkʃi
1558,Chi,BLACK,sih'tu
1559,Mu,BLACK,mɨhɨsio
1560,Tun,BLACK,ti'kaja
1561,Ba,BLACK,ma:
1562,LS,CHILD,wewe
1563,LH,CHILD,wewe
1564,Ca,CHILD,misa
1565,Su,CHILD,muihbin
1566,Ul,CHILD,baka
1567,Mi,CHILD,tuktan
1568,Pa,CHILD,jé
1569,Ra,CHILD,ti:skama
1570,Gua,CHILD,aɾaptʃa:
1571,Bor,CHILD,uáʔ
1572,Bri,CHILD,aɺá
1573,Cab,CHILD,dʒabà
1574,Te,CHILD,ã́ũã̀
1575,Mo,CHILD,nɔbɔgɾe
1576,Bor,CHILD,kiɾogwa
1577,Dor,CHILD,áni
1578,Cu,CHILD,matʃikwa
1579,Co,CHILD,'sukua
1580,Ica,CHILD,gəmmɨ'sinɨ
1581,Da,CHILD,gɨmɨntina
1582,Chi,CHILD,'oggwe
1583,Mu,CHILD,ɣuasɣua
1584,Tun,CHILD,'saha
1585,Ba,CHILD,baku
1586,LS,NO,ke
1587,LH,NO,te
1588,Ca,NO,san
1589,Su,NO,sa
1590,Ul,NO,sa
1591,Mi,NO,s
1592,Pa,NO,t
1593,Ra,NO,a:
1594,Gua,NO,e:pe
1595,Bor,NO,íʔʃì
1596,Bri,NO,kɪ́
1597,Cab,NO,ká
1598,Te,NO,ʒɪ́m
1599,Mo,NO,ɲakaɾe
1600,Bor,NO,me
1601,Dor,NO,
1602,Cu,NO,suli
1603,Co,NO,sa
1604,Ica,NO,uʔ
1605,Da,NO,ung
1606,Chi,NO,dʒumma
1607,Mu,NO,tsa
1608,Tun,NO,'baɾ
1609,Ba,NO,akkaba
1610,LS,NIGHT,ts'upa
1611,LH,NIGHT,taNki
1612,Ca,NIGHT,iran
1613,Su,NIGHT,pukta
1614,Ul,NIGHT,pukka
1615,Mi,NIGHT,tihmja
1616,Pa,NIGHT,kàká
1617,Ra,NIGHT,kik
1618,Gua,NIGHT,tiu:ɾika:
1619,Bor,NIGHT,bìgát
1620,Bri,NIGHT,dadʒẽ̂uè
1621,Cab,NIGHT,tauídã̀
1622,Te,NIGHT,ʃkɪ́
1623,Mo,NIGHT,deu
1624,Bor,NIGHT,ŋaheɾe
1625,Dor,NIGHT,be
1626,Cu,NIGHT,muttikki
1627,Co,NIGHT,'sesɯn
1628,Ica,NIGHT,'seiaʔ
1629,Da,NIGHT,ʃe
1630,Chi,NIGHT,'sihnaka
1631,Mu,NIGHT,tsa
1632,Tun,NIGHT,'ʃejkaɾa
1633,Ba,NIGHT,sẽẽ
1634,LS,WE,pinani
1635,LH,WE,apinan
1636,Ca,WE,jamtakahi
1637,Su,WE,jaŋna
1638,Ul,WE,jaŋna
1639,Mi,WE,jaŋnani
1640,Ica,WE,untàs
1641,Ra,WE,nusut
1642,Gua,WE,toi:
1643,Bor,WE,dìʔ ɾóxk
1644,Bri,WE,sǎʔ
1645,Cab,WE,sá
1646,Te,WE,tʰã̀ũã́
1647,Mo,WE,nũ
1648,Bor,WE,tʃe
1649,Dor,WE,kuχúok
1650,Cu,WE,anmala
1651,Co,WE,'nasɯn
1652,Ica,WE,'níwi
1653,Da,WE,nawindina
1654,Tun,WE,'isa
1655,Chi,WE,na:ɾiɾaʔ
1656,Mu,WE,tʲie
1657,Ba,WE,tiɲi
1658,LS,CLOUD,ts'upa
1659,LH,CLOUD,tsopata
1660,Ca,CLOUD,amu
1661,Su,CLOUD,mukus
1662,Ul,CLOUD,mukus
1663,Mi,CLOUD,kasbrika
1664,Pa,CLOUD,wanàk
1665,Ra,CLOUD,nu:nikka:s
1666,Gua,CLOUD,piu:
1667,Bor,CLOUD,bók
1668,Bri,CLOUD,bṍ
1669,Cab,CLOUD,bõ̀
1670,Te,CLOUD,ɸóŋ
1671,Mo,CLOUD,mɯta
1672,Bor,CLOUD,boga
1673,Dor,CLOUD,bókála
1674,Cu,CLOUD,mola
1675,Co,CLOUD,'maui
1676,Ica,CLOUD,'məɲɨ
1677,Da,CLOUD,moɲa
1678,Chi,CLOUD,monse
1679,Mu,CLOUD,ʔaoa
1680,Tun,CLOUD,bowa'ɾa
1681,Ba,CLOUD,nĩɲĩkɨ
1682,LS,NEW,tuja
1683,LH,NEW,tuja
1684,Ca,NEW,misinan
1685,Su,NEW,wisam
1686,Ul,NEW,bata:ka
1687,Mi,NEW,raja
1688,Pa,NEW,wàjʔkà
1689,Ra,NEW,abi:sa
1690,Gua,NEW,ɬa:ŋalu:ɾi
1691,Bor,NEW,kìnká
1692,Bri,NEW,pã̌ã̀ɺĩ̀
1693,Cab,NEW,spã́'nã̀
1694,Te,NEW,tàgɺɪ́ŋ
1695,Mo,NEW,mɣtɣ
1696,Bor,NEW,hageɾe
1697,Dor,NEW,ponol
1698,Cu,NEW,pi:ni
1699,Co,NEW,a'bisa
1700,Ica,NEW,a'bitti
1701,Da,NEW,ambɨ'si
1702,Chi,NEW,'takkeʔ
1703,Mu,NEW,βihitsa
1704,Tun,NEW,'ibsoja
1705,Ba,NEW,okdo
1706,LS,HEAR,eni
1707,LH,HEAR,en
1708,Ca,HEAR,ara
1709,Su,HEAR,daka
1710,Ul,HEAR,daka
1711,Mi,HEAR,wal
1712,Pa,HEAR,weʃ
1713,Ra,HEAR,alkuk
1714,Gua,HEAR,tai:ki
1715,Bor,HEAR,dóxk
1716,Bri,HEAR,stsɪ
1717,Cab,HEAR,ksɪ
1718,Te,HEAR,kúk
1719,Mo,HEAR,nu
1720,Bor,HEAR,tʃuge
1721,Dor,HEAR,tuktá
1722,Cu,HEAR,itto
1723,Co,HEAR,'nuk
1724,Ica,HEAR,'noʔkw
1725,Da,HEAR,nɨh'kwa
1726,Chi,HEAR,nok
1727,Mu,HEAR,nɨpkua
1728,Tun,HEAR,ɾaʔ
1729,Ba,HEAR,ana:
1730,LS,EYE,sap
1731,LH,EYE,sarin
1732,Ca,EYE,kunn
1733,Su,EYE,makpa
1734,Ul,EYE,makdaka
1735,Mi,EYE,nakra
1736,Pa,EYE,wà
1737,Ra,EYE,up
1738,Gua,EYE,ɸiɬi
1739,Bor,EYE,kàʔíʃ kúb
1740,Bri,EYE,uʊ́baɺà
1741,Cab,EYE,uʊ́baɺà
1742,Te,EYE,bòkuò
1743,Mo,EYE,okwɔ
1744,Bor,EYE,gwagwa
1745,Dor,EYE,okó
1746,Cu,EYE,ipia
1747,Co,EYE,'uba
1748,Ica,EYE,'umɨ
1749,Da,EYE,uma
1750,Chi,EYE,wa:kwa
1751,Mu,EYE,upkua
1752,Tun,EYE,'uba
1753,Ba,EYE,o:
1754,LS,SMELL,ʃuʃi
1755,LH,SMELL,suis
1756,Ca,SMELL,alawa
1757,Su,SMELL,walap
1758,Ul,SMELL,um
1759,Mi,SMELL,kja wal
1760,Pa,SMELL,õ̀h
1761,Ra,SMELL,ŋu:k
1762,Gua,SMELL,u:ɬa
1763,Bor,SMELL,súk
1764,Bri,SMELL,aɺá stsɪ
1765,Cab,SMELL,haɺa ssɪ
1766,Te,SMELL,ɺoʃík
1767,Mo,SMELL,ɾɔse
1768,Bor,SMELL,ɲáhwẽ
1769,Dor,SMELL,
1770,Cu,SMELL,u
1771,Co,SMELL,'hungu
1772,Ica,SMELL,ɾeʔbuss
1773,Da,SMELL,nɨkɨnatuʒi
1774,Chi,SMELL,'mo:
1775,Mu,SMELL,mɨskɨ
1776,Tun,SMELL,'ina jah
1777,Ba,SMELL,atu
1778,LS,EAR,tokoro
1779,LH,EAR,jaN
1780,Ca,EAR,tupa
1781,Su,EAR,tapa
1782,Ul,EAR,tapa
1783,Mi,EAR,kjama
1784,Pa,EAR,sũh
1785,Ra,EAR,kuka:
1786,Gua,EAR,toko:
1787,Bor,EAR,kuágàx
1788,Bri,EAR,kukʊ́
1789,Cab,EAR,kukʊ́
1790,Te,EAR,kuòŋuó
1791,Mo,EAR,olo
1792,Bor,EAR,olo
1793,Dor,EAR,kugá
1794,Cu,EAR,uaja
1795,Co,EAR,'kuka
1796,Ica,EAR,'kukkwɨ
1797,Da,EAR,ku'kwa
1798,Chi,EAR,ku:saka
1799,Mu,EAR,kuhuka
1800,Tun,EAR,kuhka'ha
1801,Ba,EAR,kokti
1802,LS,FATHER,t'ani
1803,LH,FATHER,papa
1804,Ca,FATHER,wapa
1805,Su,FATHER,papaŋ
1806,Ul,FATHER,papaŋ
1807,Mi,FATHER,ajsa
1808,Pa,FATHER,tù:s
1809,Ra,FATHER,tuŋ
1810,Gua,FATHER,sa
1811,Bor,FATHER,dʒèbèxt
1812,Bri,FATHER,dʒɪ̂
1813,Cab,FATHER,kákà
1814,Te,FATHER,kʰók
1815,Mo,FATHER,rɯ̃
1816,Bor,FATHER,ɲenu
1817,Dor,FATHER,su
1818,Cu,FATHER,papa
1819,Co,FATHER,'hate
1820,Ica,FATHER,'kakɨ
1821,Da,FATHER,ade
1822,At,FATHER,káke
1823,Chi,FATHER,dʒiaw
1824,Mu,FATHER,paβa
1825,Tun,FATHER,te'ta
1826,Ba,FATHER,taikda
1827,LS,SMALL,ts'iriʃki
1828,LH,SMALL,pori
1829,Ca,SMALL,tʃiki
1830,Su,SMALL,bini
1831,Ul,SMALL,baka
1832,Mi,SMALL,sirpi
1833,Pa,SMALL,jéʔ
1834,Ra,SMALL,suksuk
1835,Gua,SMALL,noko:tʃa:
1836,Bor,SMALL,ìstàmúɾá
1837,Bri,SMALL,tsǐd
1838,Cab,SMALL,dʒuɺɪ́ɺà
1839,Te,SMALL,tíɾà
1840,Mo,SMALL,tʃi
1841,Bor,SMALL,soli
1842,Dor,SMALL,chital
1843,Cu,SMALL,tottokwa
1844,Co,SMALL,'nanguze
1845,Ica,SMALL,in'gɨkawa
1846,Da,SMALL,'akwia
1847,Chi,SMALL,'dissu'tuʔ
1848,Mu,SMALL,inɣe tsunɣa
1849,Tun,SMALL,'konuɾo
1850,Ba,SMALL,baku
1851,LS,DOG,ʃuʃu
1852,LH,DOG,suj
1853,Ca,DOG,alu
1854,Su,DOG,sulu
1855,Ul,DOG,sulu
1856,Mi,DOG,jul
1857,Pa,DOG,ʃúʃù
1858,Ra,DOG,tausuŋ
1859,Gua,DOG,au:si
1860,Bor,DOG,àúx
1861,Bri,DOG,tʃítʃì
1862,Cab,DOG,tʃítʃì
1863,Te,DOG,ʃíʃì
1864,Mo,DOG,nu
1865,Bor,DOG,to
1866,Dor,DOG,bilo
1867,Cu,DOG,atʃu
1868,Co,DOG,'pio
1869,Ica,DOG,'peɾɨ
1870,Da,DOG,kɨnsi
1871,Chi,DOG,pe:kɾu
1872,Mu,DOG,to
1873,Tun,DOG,'bajaɾa
1874,Ba,DOG,nunaba.
1875,LS,HEAVY,t'ili
1876,LH,HEAVY,tiliba
1877,Ca,HEAVY,wim
1878,Su,HEAVY,tihni
1879,Ul,HEAVY,ti:ka
1880,Mi,HEAVY,wira
1881,Pa,HEAVY,tè na
1882,Ra,HEAVY,
1883,Gua,HEAVY,taikɬaka: ipiki:teŋe:
1884,Bor,HEAVY,tsìsóŋ
1885,Bri,HEAVY,ẽ̂xkẽ̌
1886,Cab,HEAVY,kidíi
1887,Te,HEAVY,kuíŋ
1888,Mo,HEAVY,dɔbɔgɔ
1889,Bor,HEAVY,gaba
1890,Dor,HEAVY,
1891,Cu,HEAVY,ukkusuli
1892,Co,HEAVY,matʃu ak'ze
1893,Ica,HEAVY,mɨaʔ'zɨna
1894,Da,HEAVY,gɨ anʒɨnga
1895,Chi,HEAVY,'dikkoʔ
1896,Mu,HEAVY,βihitsko
1897,Tun,HEAVY,si'naɾa
1898,Ba,HEAVY,a:bani.
1899,LS,FISH,ʃok'in
1900,LH,FISH,sua
1901,Ca,FISH,jal
1902,Su,FISH,was padini
1903,Ul,FISH,was padika
1904,Mi,FISH,inska
1905,Pa,FISH,ùʃã̀
1906,Ra,FISH,salpka
1907,Gua,FISH,muɬu:
1908,Bor,FISH,ùŋ
1909,Bri,FISH,dibã́
1910,Cab,FISH,dibã̀
1911,Te,FISH,mà
1912,Mo,FISH,gwa
1913,Bor,FISH,ŋwe
1914,Dor,FISH,kisi
1915,Cu,FISH,ua
1916,Co,FISH,ũa
1917,Ica,FISH,'wakɨ
1918,Da,FISH,waka
1919,Chi,FISH,wa:ŋgɾa:ʔ
1920,Mu,FISH,ɣua
1921,Tun,FISH,'ɾiʔ 'ɾuwa
1922,Ba,FISH,tai.
1923,LS,FOOT,waʃaka
1924,LH,FOOT,gwal
1925,Ca,FOOT,si'lin
1926,Su,FOOT,kal
1927,Ul,FOOT,kal
1928,Mi,FOOT,mina
1929,Pa,FOOT,tàh
1930,Ra,FOOT,ka:t
1931,Gua,FOOT,ɬo:ki tʃa:
1932,Bor,FOOT,kùɾáskuà
1933,Bri,FOOT,kaɺʊ́
1934,Cab,FOOT,kaɺʊ́
1935,Te,FOOT,ʃkóŋ
1936,Mo,FOOT,ŋoto
1937,Bor,FOOT,seɾa
1938,Dor,FOOT,ser
1939,Cu,FOOT,naka
1940,Co,FOOT,kasa
1941,Ica,FOOT,'kəttɨ
1942,Da,FOOT,kɨ'sa
1943,Chi,FOOT,ka:sa
1944,Mu,FOOT,kihitʲa
1945,Tun,FOOT,'kesa
1946,Ba,FOOT,kihtu:
1947,LS,STONE,ke
1948,LH,STONE,ke
1949,Ca,STONE,apa
1950,Su,STONE,ki
1951,Ul,STONE,ki
1952,Mi,STONE,walpa
1953,Pa,STONE,sàʔ
1954,Ra,STONE,ŋali:ŋ
1955,Gua,STONE,oktaɾa:
1956,Bor,STONE,káŋ
1957,Bri,STONE,âk
1958,Cab,STONE,hák
1959,Te,STONE,àk
1960,Mo,STONE,hɔ
1961,Bor,STONE,ke
1962,Dor,STONE,agá
1963,Cu,STONE,akkwa
1964,Co,STONE,'hagi
1965,Ica,STONE,'aʔnɨ
1966,Da,STONE,ɨgina
1967,Chi,STONE,kɾe:kakwi
1968,Mu,STONE,hɨka
1969,Tun,STONE,a'ka
1970,Ba,STONE,ã:
1971,LS,LEG,pos
1972,LH,LEG,kila
1973,Ca,LEG,sulm
1974,Su,LEG,barahmak
1975,Ul,LEG,kalba
1976,Mi,LEG,kuhma
1977,Pa,LEG,kapù:k
1978,Ra,LEG,tukwa
1979,Gua,LEG,ɬo:ki ko:ɾa
1980,Bor,LEG,bùsíx
1981,Bri,LEG,kaɺʊ́ kitʃà
1982,Cab,LEG,kaɺʊ́ kitʃà
1983,Te,LEG,kuóɾbò
1984,Mo,LEG,ŋɯɾe
1985,Bor,LEG,seɾagda
1986,Dor,LEG,séɾgala
1987,Cu,LEG,naimali
1988,Co,LEG,kala
1989,Ica,LEG,kánë
1990,Da,LEG,kɨna
1991,Chi,LEG,dukkwa
1992,Mu,LEG,ɣoka
1993,Tun,LEG,kus'kaɾa
1994,Ba,LEG,binĩ
1995,LS,FLEA,tem
1996,LH,FLEA,tem
1997,Ca,FLEA,ru
1998,Su,FLEA,u:bak
1999,Ul,FLEA,u:bak
2000,Mi,FLEA,kũa
2001,Pa,FLEA,ù:
2002,Ra,FLEA,kuŋ
2003,Gua,FLEA,ku:
2004,Bor,FLEA,kuá
2005,Bri,FLEA,kṹ
2006,Cab,FLEA,kṹ
2007,Te,FLEA,kʰṹŋ
2008,Mo,FLEA,kɯ̃
2009,Bor,FLEA,kũ
2010,Dor,FLEA,kũ
2011,Cu,FLEA,ku:
2012,Co,FLEA,ku'i
2013,Ica,FLEA,ku
2014,Da,FLEA,sanze
2015,Chi,FLEA,ku:
2016,Mu,FLEA,kue
2017,Tun,FLEA,'kuɾia
2018,Ba,FLEA,ku
2019,LS,FEATHER,ʃumah
2020,LH,FEATHER,suk
2021,Ca,FEATHER,diju
2022,Su,FEATHER,butu
2023,Ul,FEATHER,butu
2024,Mi,FEATHER,taja
2025,Pa,FEATHER,ṹs
2026,Ra,FEATHER,a:bak
2027,Gua,FEATHER,i:ɬa
2028,Bor,FEATHER,ká
2029,Bri,FEATHER,kʊ́
2030,Cab,FEATHER,kʊ́
2031,Te,FEATHER,zók
2032,Mo,FEATHER,kɔ
2033,Bor,FEATHER,ga
2034,Dor,FEATHER,shũl
2035,Cu,FEATHER,apsala
2036,Co,FEATHER,gala
2037,Ica,FEATHER,'kwi
2038,Da,FEATHER,dungɨɾa
2039,Chi,FEATHER,ga:
2040,Mu,FEATHER,ɣaka
2041,Tun,FEATHER,ana'ɾa
2042,Ba,FEATHER,ãtĩ
2043,LS,FEW,tʃ'iNkira
2044,LH,FEW,suntia
2045,Ca,FEW,dambaja
2046,Su,FEW,wajaki
2047,Ul,FEW,wajakiki
2048,Mi,FEW,ria
2049,Pa,FEW,pò:kmã̀jh
2050,Ra,FEW,paŋsak baik
2051,Gua,FEW,epe:me taikɬaka:
2052,Bor,FEW,dòdʒéŋ
2053,Bri,FEW,uã̂uã̂d
2054,Cab,FEW,hũã́hũã́dã̀ɺà
2055,Te,FEW,tíɾàksò
2056,Mo,FEW,bɾaibe
2057,Bor,FEW,bedre
2058,Dor,FEW,hebbil
2059,Cu,FEW,itʃekwa
2060,Co,FEW,nauan'gaba
2061,Ica,FEW,in'gɨ
2062,Da,FEW,'ungwɨzi
2063,Chi,FEW,di:saʔaʔsu
2064,Mu,FEW,hitʲɨkɨ
2065,Tun,FEW,'konua
2066,Ba,FEW,kobakkani.
2067,LS,WHAT,kas
2068,LH,WHAT,kari
2069,Ca,WHAT,pi
2070,Su,WHAT,di
2071,Ul,WHAT,di
2072,Mi,WHAT,dia
2073,Pa,WHAT,ĩ́
2074,Ra,WHAT,ja:kal
2075,Gua,WHAT,oro:ki
2076,Bor,WHAT,í
2077,Bri,WHAT,í
2078,Cab,WHAT,hìdʊ́
2079,Te,WHAT,ʒɪ̀
2080,Mo,WHAT,geɾe
2081,Bor,WHAT,dʒema
2082,Dor,WHAT,ee
2083,Cu,WHAT,ipi
2084,Co,WHAT,hi
2085,Ica,WHAT,'inɨ
2086,Da,WHAT,ni
2087,Chi,WHAT,ki:ɾi
2088,Mu,WHAT,ipkua
2089,Tun,WHAT,'ikuɾ
2090,Ba,WHAT,aibi
2091,LS,LAUGH,jolo
2092,LH,LAUGH,jol
2093,Ca,LAUGH,isnawa
2094,Su,LAUGH,aɾa
2095,Ul,LAUGH,kawaɾa
2096,Mi,LAUGH,kik
2097,Pa,LAUGH,aɾkõ̀h
2098,Ra,LAUGH,kulk
2099,Gua,LAUGH,oi:
2100,Bor,LAUGH,ʃìt
2101,Bri,LAUGH,adʒĩ
2102,Cab,LAUGH,hadʒẽ
2103,Te,LAUGH,háɾ
2104,Mo,LAUGH,kɯdɯ
2105,Bor,LAUGH,gidate
2106,Dor,LAUGH,"ayig, ahiása"
2107,Cu,LAUGH,all
2108,Co,LAUGH,'ʃimihĩ
2109,Ica,LAUGH,'sem
2110,Da,LAUGH,ʒiʃim
2111,Chi,LAUGH,ha:ɾa
2112,Mu,LAUGH,ɣɨua
2113,Tun,LAUGH,si'si
2114,Ba,LAUGH,an
2115,LS,RED,wesaN
2116,LH,RED,sewla
2117,Ca,RED,lala
2118,Su,RED,pawni
2119,Ul,RED,pawka
2120,Mi,RED,pawni
2121,Pa,RED,pã́wã̀
2122,Ra,RED,sa:la
2123,Gua,RED,kata:ɬiŋ iŋa:
2124,Bor,RED,dɾùbát
2125,Bri,RED,bã̌tk
2126,Cab,RED,batsɪ́
2127,Te,RED,sɾɪ̀ɾɪ́n
2128,Mo,RED,tãĩ
2129,Bor,RED,dabeɾe
2130,Dor,RED,kol
2131,Cu,RED,kinnitti
2132,Co,RED,atsuʃi
2133,Ica,RED,ziʔ
2134,Da,RED,ɨnzisi
2135,Chi,RED,kɾo:
2136,Mu,RED,hiiso
2137,Tun,RED,bu'wajɾo
2138,Ba,RED,tukdaɲou
2139,LS,CLOTHES,lamtara
2140,LH,CLOTHES,loronina
2141,Ca,CLOTHES,siwa
2142,Su,CLOTHES,asna
2143,Ul,CLOTHES,asna
2144,Mi,CLOTHES,kwala
2145,Pa,CLOTHES,tùnùk
2146,Ra,CLOTHES,kalma
2147,Gua,CLOTHES,tio:ka
2148,Bor,CLOTHES,kúʔʃì
2149,Bri,CLOTHES,datsǐʔ
2150,Cab,CLOTHES,datsí
2151,Te,CLOTHES,ʃuóŋ
2152,Mo,CLOTHES,dɔ̃
2153,Bor,CLOTHES,ɲometɾa
2154,Dor,CLOTHES,ákubi
2155,Cu,CLOTHES,mola
2156,Co,CLOTHES,ʒaku'a
2157,Ica,CLOTHES,mákë
2158,Da,CLOTHES,mɨkɨ 'sala
2159,Chi,CLOTHES,'gwaʔŋaʔ
2160,Mu,CLOTHES,βoi
2161,Tun,CLOTHES,'oja
2162,Ba,CLOTHES,duksa
2163,LS,KNOW,ti
2164,LH,KNOW,tis
2165,Ca,KNOW,bi
2166,Su,KNOW,daka
2167,Ul,KNOW,kaŋla:wa
2168,Mi,KNOW,nu
2169,Pa,KNOW,àɾíɾ
2170,Ra,KNOW,ŋwa
2171,Gua,KNOW,uɾa:xe
2172,Bor,KNOW,uí
2173,Bri,KNOW,uxtʃẽ
2174,Cab,KNOW,hudʒẽ
2175,Te,KNOW,hmídɪ̀
2176,Mo,KNOW,gaɾe
2177,Bor,KNOW,uɲe
2178,Dor,KNOW,
2179,Cu,KNOW,wisi
2180,Co,KNOW,akʃihi
2181,Ica,KNOW,a'gənkw
2182,Da,KNOW,agönihku
2183,Chi,KNOW,wi
2184,Mu,KNOW,mukan
2185,Tun,KNOW,is'ti
2186,Ba,KNOW,ka:ma.
2187,LS,SALT,ts'epe
2188,LH,SALT,sepe
2189,Ca,SALT,jabulu
2190,Su,SALT,kuma
2191,Ul,SALT,kuma
2192,Mi,SALT,sal
2193,Pa,SALT,tàkè
2194,Ra,SALT,tauli
2195,Gua,SALT,ti: karu:
2196,Bor,SALT,kí
2197,Bri,SALT,dadʒɪ́
2198,Cab,SALT,dadʒɪ̀
2199,Te,SALT,dɺúŋ
2200,Mo,SALT,mɾẽ
2201,Bor,SALT,tʃo
2202,Dor,SALT,báli
2203,Cu,SALT,palu
2204,Co,SALT,naku
2205,Ica,SALT,'nəggwɨ
2206,Da,SALT,nɨngu
2207,Chi,SALT,'no:ʔmarinda
2208,Mu,SALT,nɨgua
2209,Tun,SALT,'ɾauwa
2210,Ba,SALT,sabi
2211,LS,BLOOD,ala
2212,LH,BLOOD,wek
2213,Ca,BLOOD,aru
2214,Su,BLOOD,a:
2215,Ul,BLOOD,a:was
2216,Mi,BLOOD,tala
2217,Pa,BLOOD,ù:ɾì
2218,Ra,BLOOD,aiɾbi:
2219,Gua,BLOOD,li:
2220,Bor,BLOOD,dʒìbí
2221,Bri,BLOOD,apɪ̂
2222,Cab,BLOOD,pí
2223,Te,BLOOD,sɾɪ́ŋ
2224,Mo,BLOOD,dɔɾi
2225,Bor,BLOOD,be
2226,Dor,BLOOD,havé
2227,Cu,BLOOD,ape
2228,Co,BLOOD,'abi
2229,Ica,BLOOD,dʒwa
2230,Da,BLOOD,ɨma
2231,Chi,BLOOD,'eŋŋaʔ
2232,Mu,BLOOD,ba
2233,Tun,BLOOD,'aba
2234,Ba,BLOOD,a:bi
2235,LS,DRY,tina
2236,LH,DRY,sawa
2237,Ca,DRY,sama
2238,Su,DRY,buhni
2239,Ul,DRY,buhka
2240,Mi,DRY,lawan
2241,Pa,DRY,a:ɾá:ni
2242,Ra,DRY,plu:sba
2243,Gua,DRY,tiɬa:xa
2244,Bor,DRY,tskènká
2245,Bri,DRY,pôppǒ
2246,Cab,DRY,pó
2247,Te,DRY,idógɺo
2248,Mo,DRY,nɣtaɾe
2249,Bor,DRY,ulen
2250,Dor,DRY,tolótkal
2251,Cu,DRY,tinna
2252,Co,DRY,aluhu'e
2253,Ica,DRY,'dʒomɨ
2254,Da,DRY,ʒita
2255,Chi,DRY,bɾo:nta
2256,Mu,DRY,βutʲua
2257,Tun,DRY,buɾa'buɾa
2258,Ba,DRY,bunũnĩ
2259,LS,SNAKE,amap
2260,LH,SNAKE,salala
2261,Ca,SNAKE,jara
2262,Su,SNAKE,bil
2263,Ul,SNAKE,di:muih
2264,Mi,SNAKE,pjẽta
2265,Pa,SNAKE,ìs
2266,Ra,SNAKE,a:lbut
2267,Gua,SNAKE,ɬala:ki
2268,Bor,SNAKE,tèbèk
2269,Bri,SNAKE,tkabɪ́
2270,Cab,SNAKE,tkabɪ̀
2271,Te,SNAKE,bugúɾ
2272,Mo,SNAKE,itʃa
2273,Bor,SNAKE,hoɾisi
2274,Dor,SNAKE,buli
2275,Cu,SNAKE,nakpe
2276,Co,SNAKE,'tagbi
2277,Ica,SNAKE,gwi'omɨ
2278,Da,SNAKE,guma
2279,Chi,SNAKE,'mannuʔ
2280,Mu,SNAKE,mɨso
2281,Ba,SNAKE,tidu
2282,Tun,SNAKE,kumoɾo'a
2283,LS,SUN,jaʃa
2284,LH,SUN,kasi
2285,Ca,SUN,lan
2286,Su,SUN,ma
2287,Ul,SUN,ma
2288,Mi,SUN,ju
2289,Pa,SUN,ã̀:
2290,Ra,SUN,alka
2291,Gua,SUN,to:xi
2292,Bor,SUN,kàk
2293,Bri,SUN,díuʊ̀
2294,Cab,SUN,kã́uʊ́
2295,Te,SUN,dɺò
2296,Mo,SUN,ɲɔnɔ
2297,Bor,SUN,tʃwi
2298,Dor,SUN,kerél
2299,Cu,SUN,tata
2300,Co,SUN,'niui
2301,Ica,SUN,dʒwi
2302,Da,SUN,'dʒui
2303,Chi,SUN,'diŋŋaʔ
2304,Mu,SUN,sua
2305,Tun,SUN,'raʔsa
2306,Ba,SUN,nia:
2307,LS,BREAST,ts'ukiN
2308,LH,BREAST,palaN
2309,Ca,BREAST,sum
2310,Su,BREAST,ta
2311,Ul,BREAST,ta
2312,Mi,BREAST,tjalka
2313,Pa,BREAST,tútú
2314,Ra,BREAST,ka:ŋali:
2315,Gua,BREAST,ko:ɾi
2316,Bor,BREAST,kàʔ
2317,Bri,BREAST,tsǔʔ
2318,Cab,BREAST,tsú
2319,Te,BREAST,nókuò
2320,Mo,BREAST,kẽã
2321,Bor,BREAST,tusú
2322,Dor,BREAST,nõ
2323,Cu,BREAST,nu:
2324,Co,BREAST,su'mi
2325,Ica,BREAST,tu
2326,Da,BREAST,'tudu
2327,Chi,BREAST,ka:ʔ
2328,Mu,BREAST,tʲue
2329,Tun,BREAST,su'ta
2330,Ba,BREAST,tu
2331,LS,EARTH (SOIL),omoN
2332,LH,EARTH (SOIL),lum
2333,Ca,EARTH (SOIL),duru
2334,Su,EARTH (SOIL),saw
2335,Ul,EARTH (SOIL),saw
2336,Mi,EARTH (SOIL),tasba
2337,Pa,EARTH (SOIL),kúk
2338,Ra,EARTH (SOIL),taki
2339,Gua,EARTH (SOIL),laka:
2340,Bor,EARTH (SOIL),táb
2341,Bri,EARTH (SOIL),ídʒʊ̀k
2342,Cab,EARTH (SOIL),hĩʃkʊ́
2343,Te,EARTH (SOIL),kɺúŋ
2344,Mo,EARTH (SOIL),dɔbrɔ
2345,Bor,EARTH (SOIL),dbi
2346,Dor,EARTH (SOIL),íri
2347,Cu,EARTH (SOIL),nappa
2348,Co,EARTH (SOIL),'kagi
2349,Ica,EARTH (SOIL),'kaʔa
2350,Da,EARTH (SOIL),kɨngɨma
2351,Chi,EARTH (SOIL),'itti
2352,Mu,EARTH (SOIL),histʲa
2353,Tun,EARTH (SOIL),'kahka
2354,Ba,EARTH (SOIL),istã
2355,LS,THREE,lawa
2356,LH,THREE,lawa
2357,Ca,THREE,watba
2358,Su,THREE,bas
2359,Ul,THREE,bas
2360,Mi,THREE,jumhpa
2361,Pa,THREE,mã́jh
2362,Ra,THREE,paŋsak
2363,Gua,THREE,poi:kiri:
2364,Bor,THREE,máŋ
2365,Bri,THREE,badʒã
2366,Cab,THREE,badʒã
2367,Te,THREE,miá
2368,Mo,THREE,mɔ
2369,Bor,THREE,mai
2370,Dor,THREE,mas
2371,Cu,THREE,pa:
2372,Co,THREE,'maigua
2373,Ica,THREE,'maikənɨ
2374,Da,THREE,maigwa
2375,Chi,THREE,ma:hna
2376,Mu,THREE,mika
2377,Tun,THREE,'baja
2378,Ba,THREE,miktentɨkou
2379,LS,GUTS,maNʃuli
2380,LH,GUTS,maNsuliN
2381,Ca,GUTS,jusilin
2382,Su,GUTS,ba
2383,Ul,GUTS,ba
2384,Mi,GUTS,bjara
2385,Pa,GUTS,áʔsábɾìs
2386,Ra,GUTS,uɾmut sukŋuaŋ
2387,Gua,GUTS,ko: ki:ra
2388,Bor,GUTS,ʃuàʔ
2389,Bri,GUTS,dʒã̂ stsè
2390,Cab,GUTS,dʒã́ batʃiɺí
2391,Te,GUTS,ʒàkógɺo
2392,Mo,GUTS,ŋɔ̃gɾɔ
2393,Bor,GUTS,hẽgɾa
2394,Dor,GUTS,koɾegol
2395,Cu,GUTS,saki
2396,Co,GUTS,ganukʃiʒa
2397,Ica,GUTS,ga'siɾo
2398,Da,GUTS,gaʒina
2399,Chi,GUTS,'kutti 'kwe:ɾiniʔ
2400,Mu,GUTS,tsimsua
2401,Tun,GUTS,buk'ʃiɾa
2402,Ba,GUTS,a:si
2403,LS,THOU,manani
2404,LH,THOU,amnan
2405,Ca,THOU,mani
2406,Su,THOU,man
2407,Ul,THOU,man
2408,Mi,THOU,man
2409,Pa,THOU,pa
2410,Ra,THOU,ma:
2411,Gua,THOU,po:
2412,Bor,THOU,bá
2413,Bri,THOU,běʔ
2414,Cab,THOU,bá
2415,Te,THOU,ɸà
2416,Mo,THOU,mɔ
2417,Bor,THOU,ba
2418,Dor,THOU,bá
2419,Cu,THOU,pe
2420,Co,THOU,ma
2421,Ica,THOU,ma
2422,Da,THOU,ma
2423,Chi,THOU,'amma
2424,Mu,THOU,mɨe
2425,Tun,THOU,'baʔa
2426,Ba,THOU,bai
2427,LS,ONE,pis
2428,LH,ONE,eta
2429,Ca,ONE,bas
2430,Su,ONE,as
2431,Ul,ONE,as
2432,Mi,ONE,kumi
2433,Pa,ONE,ás
2434,Ra,ONE,saimiŋ
2435,Gua,ONE,ana:katʃuma:
2436,Bor,ONE,éʔtsi
2437,Bri,ONE,e
2438,Cab,ONE,é
2439,Te,ONE,ɾa
2440,Mo,ONE,ti
2441,Bor,ONE,ite
2442,Dor,ONE,e
2443,Cu,ONE,kwenna
2444,Co,ONE,'ezua
2445,Ica,ONE,'inʔgwi
2446,Da,ONE,ingwi
2447,Chi,ONE,te
2448,Mu,ONE,ata
2449,Tun,ONE,'ubistia
2450,Ba,ONE,ĩtou.
2451,LS,YOU,kinani
2452,LH,YOU,ajnan
2453,Ca,YOU,maniwalhi
2454,Su,YOU,manna
2455,Ul,YOU,manna
2456,Mi,YOU,manani
2457,Pa,YOU,pahwa
2458,Ra,YOU,mulut
2459,Gua,YOU,po: maɾa:ma
2460,Bor,YOU,biʔ ɾóxk
2461,Bri,YOU,ǎʔ
2462,Cab,YOU,bás
2463,Te,YOU,ɸãĩ
2464,Mo,YOU,mũ
2465,Bor,YOU,bádre
2466,Dor,YOU,
2467,Cu,YOU,pemala
2468,Co,YOU,main
2469,Ica,YOU,'miwi
2470,Da,YOU,mawindina
2471,Chi,YOU,'ammaɾaʔ
2472,Mu,YOU,mie
2473,Tun,YOU,'ba
2474,Ba,YOU,biɲi
2475,LS,COME,po
2476,LH,COME,pu
2477,Ca,COME,ajra
2478,Su,COME,ajwa
2479,Ul,COME,ajwa
2480,Mi,COME,bal
2481,Pa,COME,tèʔk
2482,Ra,COME,si:k
2483,Gua,COME,toki:
2484,Bor,COME,dàbàk
2485,Bri,COME,dɪ
2486,Cab,COME,de
2487,Te,COME,ték
2488,Mo,COME,kite
2489,Bor,COME,tʃige
2490,Dor,COME,berik
2491,Cu,COME,take
2492,Co,COME,'naʃ
2493,Ica,COME,'nak
2494,Da,COME,nak
2495,At,COME,
2496,Chi,COME,hatta
2497,Mu,COME,nɨ
2498,Tun,COME,'beki
2499,Ba,COME,abãi
2500,LS,SEE,yot
2501,LH,SEE,is
2502,Ca,SEE,la
2503,Su,SEE,tal
2504,Ul,SEE,tal
2505,Mi,SEE,kajk
2506,Pa,SEE,ʃã̀ʔ
2507,Ra,SEE,suŋ
2508,Gua,SEE,kua:ki
2509,Bor,SEE,íʃt
2510,Bri,SEE,sũ
2511,Cab,SEE,sũ
2512,Te,SEE,ĩ́k
2513,Mo,SEE,tũ
2514,Bor,SEE,tiẽ
2515,Dor,SEE,okosí
2516,Cu,SEE,takke
2517,Co,SEE,tũ
2518,Ica,SEE,'tʃw
2519,Da,SEE,tu'a
2520,Chi,SEE,tu:
2521,Mu,SEE,ihistɨ
2522,Tun,SEE,is'ti
2523,Ba,SEE,ma:di
2524,LS,GREEN,ts'ahjaN
2525,LH,GREEN,siga
2526,Ca,GREEN,sasaka
2527,Su,GREEN,saŋni
2528,Ul,GREEN,saŋka
2529,Mi,GREEN,saŋni
2530,Pa,GREEN,sáʔka
2531,Ra,GREEN,ŋaɾŋaɾiŋma
2532,Gua,GREEN,ɬa:ŋa
2533,Bor,GREEN,uàʔká
2534,Bri,GREEN,tsipâsipǎ
2535,Cab,GREEN,spã́
2536,Te,GREEN,dìŋdíŋ
2537,Mo,GREEN,kaɾe
2538,Bor,GREEN,leɾeɾe
2539,Dor,GREEN,yíama
2540,Cu,GREEN,aɾati
2541,Co,GREEN,a'taʃi
2542,Ica,GREEN,'tʃiki'ɾuɾu
2543,Da,GREEN,'itiki
2544,Chi,GREEN,'ka:ɾasah
2545,Mu,GREEN,tʲɨskiko
2546,Tun,GREEN,ti'kaja
2547,Ba,GREEN,binaikana
2548,LS,OLD,koko
2549,LH,OLD,tahoi
2550,Ca,OLD,uskam
2551,Su,OLD,umani
2552,Ul,OLD,umana
2553,Mi,OLD,almuk
2554,Pa,OLD,ámã̀ʔ
2555,Ra,OLD,juwa
2556,Gua,OLD,saxa:saxa:
2557,Bor,OLD,ùɾàŋká
2558,Bri,OLD,akɪ́tʃkè
2559,Cab,OLD,kɪ̂dʒakè
2560,Te,OLD,kɪ̀:gɪ́
2561,Mo,OLD,ũbɾe
2562,Bor,OLD,huda
2563,Dor,OLD,taré
2564,Cu,OLD,seɾeti
2565,Co,OLD,tuma
2566,Ica,OLD,a'tʃənna
2567,Da,OLD,ɨttɨna
2568,Chi,OLD,pe:naɾi
2569,Mu,OLD,saka
2570,Tun,OLD,'kumatɾo
2571,Ba,OLD,sakdou
2572,LS,WIND,uʃeka
2573,LH,WIND,soror
2574,Ca,WIND,win
2575,Su,WIND,win
2576,Ul,WIND,win
2577,Mi,WIND,pasa
2578,Pa,WIND,ṹpìʃ
2579,Ra,WIND,pulkat
2580,Gua,WIND,pu:ɾa
2581,Bor,WIND,ʃùŋ
2582,Bri,WIND,siuaã̌ʔ
2583,Cab,WIND,siuã́
2584,Te,WIND,ɸɺúk
2585,Mo,WIND,muɾie
2586,Bor,WIND,mlie
2587,Dor,WIND,ʃatú
2588,Cu,WIND,purwa
2589,Co,WIND,mul'kala
2590,Ica,WIND,'buntikənɨ
2591,Da,WIND,buɾta
2592,Chi,WIND,ke:dʒaʔ
2593,Mu,WIND,βiβa
2594,Tun,WIND,'seɾoa
2595,Ba,WIND,saba
2596,LS,STOMACH,k'omo
2597,LH,STOMACH,maNkera
2598,Ca,STOMACH,kawam
2599,Su,STOMACH,ba
2600,Ul,STOMACH,ba
2601,Mi,STOMACH,bjara
2602,Pa,STOMACH,já
2603,Ra,STOMACH,uɾmut
2604,Gua,STOMACH,ŋo:ki
2605,Bor,STOMACH,kúà
2606,Bri,STOMACH,dʒã̂uì
2607,Cab,STOMACH,dʒã́hkù
2608,Te,STOMACH,bʊ̀uó
2609,Mo,STOMACH,bule
2610,Bor,STOMACH,bdísuli
2611,Dor,STOMACH,korigú
2612,Cu,STOMACH,sapana
2613,Co,STOMACH,'ʒiʒa
2614,Ica,STOMACH,'zunkənɨ
2615,Da,STOMACH,tɨmɨkɨna
2616,Chi,STOMACH,ke:ɾu
2617,Mu,STOMACH,ie
2618,Tun,STOMACH,'jiɾa
2619,Ba,STOMACH,i:si
2620,LS,I,unani
2621,LH,I,unan
2622,Ca,I,jami
2623,Su,I,jaŋ
2624,Ul,I,jaŋ
2625,Mi,I,jaŋ
2626,Pa,I,tas
2627,Ra,I,na:s
2628,Gua,I,ton
2629,Bor,I,át
2630,Bri,I,dʒěʔ
2631,Cab,I,dʒís
2632,Te,I,tʰà
2633,Mo,I,ti
2634,Bor,I,tʃa
2635,Dor,I,kura
2636,Cu,I,ani
2637,Co,I,nas
2638,Ica,I,nən
2639,Da,I,ɾa
2640,Chi,I,na:ɾi
2641,Mu,I,hɨtʲa
2642,Tun,I,'asa
2643,Ba,I,nãĩ
